Video Id,Comment ID,Author,Text,Likes,Time,Cleaned Text,label
1,Ugwx_UBFShYeASExmdV4AaABAg,@KrishanDharmasiri,"හදුහේටියා මඩකලපුමිල්ලා හේලි කොප්පරේන්ගිහිල්ලා කියනවා  මල්වතු ඹය පිටර ගලා මඩකලපුව යටඋනා කියලා    මුන්  ජනතාවට   වෙෙයිරපැතුරුවා විතරයි 
මුන් කැලේ බාේක්කු යට හිටියෙි බොකුවයට",0,1764720000,හදුහේටියා මඩකලපුමිල්ලා හේලි කොප්පරේන්ගිහිල්ලා කියනවා මල්වතු ඹය පිටර ගලා මඩකලපුව යටඋනා කියලා මුන් ජනතාවට වෙෙයිරපැතුරුවා විතරයි මුන් කැලේ බාේක්කු යට හිටියෙි බොකුවයට,Disinfo
1,UgziEr4CRmhpQ2ZjVXF4AaABAg,@DeepalFernando-k2p,Haduna patta. Hora,0,1764547200,haduna patta hora,Hate
1,UgwdqopqykabZA_I0rN4AaABAg,@gemunugemunu8698,Big kochchan,0,1764460800,big kochchan,"Normal
"
1,UgxXeF6fHtvEIWPExq54AaABAg,@alawagedagoa,"Best thing comes last…..
Andurana kenek da ? Fantastic question from the media man 🎉
Look at his answer……..it tells all. ☝️",1,1764460800,best thing comes last andurana kenek da fantastic question from the media man look at his answer it tells all,"Normal
"
1,UgygXeXvB1BimoBrc254AaABAg,@kithsirigeethakumara8533,😂😂😂😂😂lajae,0,1764460800,lajae,"Normal
"
1,UgwPY660tLHxRFv1OBl4AaABAg,@LeelasiriEdirisingha,Meka big kuchcan ekak,0,1764460800,meka big kuchcan ekak,"Normal
"
1,UgyVo4BcH7pB_eK8WP14AaABAg,@padhmalpeiris,This guy is unbelievable. Always in shxt.,0,1764374400,this guy is unbelievable always in shxt,Hate
1,UgwTB4ll3biDwmD7sVl4AaABAg,@syndi-w3k,"වැරැද්ද කරපු එකාම CID එකට යනව 😂 වැරැද්ද හෙලි කිරීමට විරුද්ධව. CID එක මුංගෙ සාක්කුවෙ තියෙන්නෙ. ඕකට ගියා කියල සුද්ද කරන්න බෑ හඳුන්. වැරැද්දක් වෙලා නැත්තං අපහාසයකුත් නෑනෙ. නීතියෙං තහනමක් නෑ call එකක් record කරන්න. සහ බෙදාහරින්න.
දැං උගෙ හඬපට leak කරන එක නීති විරෝධී වැඩක්ද ? අපහාස නඩුවක් දාන්නෙ මොන අපහාසයටද ?
හරියමං නීතියක් තියෙන රටකනං “අපහාසය” කියන දේට නඩු දාන්න බෑ. මේ ලබ්බෙ තියෙන්නෙ අමුතු නීති. එහෙම නඩුදාන්න පුළුවන්ං රනිල්ට, මහින්දට කරපු අපහාස වලට මුං ඔක්කොම ඉන්න ඕනි ඇතුලෙ.",1,1764374400,වැරැද්ද කරපු එකාම cid එකට යනව වැරැද්ද හෙලි කිරීමට විරුද්ධව cid එක මුංගෙ සාක්කුවෙ තියෙන්නෙ ඕකට ගියා කියල සුද්ද කරන්න බෑ හඳුන් වැරැද්දක් වෙලා නැත්තං අපහාසයකුත් නෑනෙ නීතියෙං තහනමක් නෑ call එකක් record කරන්න සහ බෙදාහරින්න දැං උගෙ හඬපට leak කරන එක නීති විරෝධී වැඩක්ද අපහාස නඩුවක් දාන්නෙ මොන අපහාසයටද හරියමං නීතියක් තියෙන රටකනං අපහාසය කියන දේට නඩු දාන්න බෑ මේ ලබ්බෙ තියෙන්නෙ අමුතු නීති එහෙම නඩුදාන්න පුළුවන්ං රනිල්ට මහින්දට කරපු අපහාස වලට මුං ඔක්කොම ඉන්න ඕනි ඇතුලෙ,Disnfo
1,Ugwn3dikAK3ob48rqZx4AaABAg,@ChammiWasantha,Meka mokatada kiwwe licence eka balaganam kiyala .munta wena nam walin depala thiye.,0,1764374400,meka mokatada kiwwe licence eka balaganam kiyala munta wena nam walin depala thiye,Disinfo
1,UgybZEIg6GlkFb8EIwt4AaABAg,@TharinduKodagoda,CID කියන්නේ පැලවත්තටම තමයි වෙනස තියෙන්නේ ටිල්වින් නැති එක.,2,1764201600,cid කියන්නේ පැලවත්තටම තමයි වෙනස තියෙන්නේ ටිල්වින් නැති එක,"Normal
"
1,UgyRCU9UeY3CJOR32OF4AaABAg,@ashokaherath783,Mulu hadapatema dapalla ai me cut karala danne mulu hadapatema dapuwama adahasa wenas😢😢😢😢😢,0,1764201600,mulu hadapatema dapalla ai me cut karala danne mulu hadapatema dapuwama adahasa wenas,"Normal
"
1,UgwyYzUlV8PYp21MT8F4AaABAg,@ගමගාල්ල,ලයිසන් නැත්නම් මන් බලා ගන්නම්😂,2,1764201600,ලයිසන් නැත්නම් මන් බලා ගන්නම්,"Normal
"
1,UgxwkylOqMabBX5jFsN4AaABAg,@ගමගාල්ල,එදා ජෙප්පී පාර්ලිමේන්තු හොරු ගෙන කතා කරලා පැමිණිලි නොකලේ පස්සේ කුට්ටිය ගත්තා නිසා,2,1764201600,එදා ජෙප්පී පාර්ලිමේන්තු හොරු ගෙන කතා කරලා පැමිණිලි නොකලේ පස්සේ කුට්ටිය ගත්තා නිසා,Disinfo
1,UgwElgPjoXaV4DH4SmJ4AaABAg,@TheConcepts-සංකල්ප-l8v,ජනතාවට නොමිලේ දෙන්න හාල් ගෙනැල්ල කියල තමයි හඳුනෙත්ති කියන්නේ... ගේන්න ඇත්තෙ ජයසාන්ත අයියා වෙන්න ඇති නොමිලේ දෙන්න. අපි නොදන්න චෙස්!,5,1764201600,ජනතාවට නොමිලේ දෙන්න හාල් ගෙනැල්ල කියල තමයි හඳුනෙත්ති කියන්නේ ගේන්න ඇත්තෙ ජයසාන්ත අයියා වෙන්න ඇති නොමිලේ දෙන්න අපි නොදන්න චෙස්,"Normal
"
1,UgymTFVy5QEWttylDW94AaABAg,@LaSLMax,Goo jeppo 😂,1,1764201600,goo jeppo,"Normal
"
1,UgzKm1A4zdAn9oTbdvR4AaABAg,@ධර්මතුංගදිසානායක,ඒක තනිකරම Ai,1,1764201600,ඒක තනිකරම ai,"Normal
"
1,UgzphRVHQMcIXWJgRGh4AaABAg,@katsullivan,බත් මුට්ටි උස්සන් හොරකම් කරපු ජෙපි හැත්ත ටයිකෝට් ඇඳන් හොරකම් කරන්න හදනවා. හත්පොලේ ගාගන්නවා. වලං ශානිගාවට දුවන් යනවා බේරලා දියන් කියලා. CID එක පැලවත්තේ ශාඛාවක් ඇරියොත් මොකද..? වලං ශානිට එහෙම offive එකක් දෙමු.,3,1764201600,බත් මුට්ටි උස්සන් හොරකම් කරපු ජෙපි හැත්ත ටයිකෝට් ඇඳන් හොරකම් කරන්න හදනවා හත්පොලේ ගාගන්නවා වලං ශානිගාවට දුවන් යනවා බේරලා දියන් කියලා cid එක පැලවත්තේ ශාඛාවක් ඇරියොත් මොකද වලං ශානිට එහෙම offive එකක් දෙමු,Hate
1,Ugwcl-iMpYGpcM1sjVB4AaABAg,@NethmiNisansala-v3i7i,Munta reanna beri unath cid akata yanwa,1,1764201600,munta reanna beri unath cid akata yanwa,Hate
1,UgxoDBPhmMYFWzs4YPB4AaABAg,@gayanhettiarachchi-q2k,oya vedio  ake sorce akath sajithda,0,1764201600,oya vedio ake sorce akath sajithda,"Normal
"
1,UgwhuzLYdMTQJcQP6n94AaABAg,@avenom3877,a new meme detected,1,1764201600,a new meme detected,"Normal
"
1,UgyAqp4mA_fyGyIzkcF4AaABAg,@hashmilasewwandi9118,හ්ම්ම්ම්ම්ම් ඉරකි තිතකි.,4,1764201600,හ්ම්ම්ම්ම්ම් ඉරකි තිතකි,"Normal
"
1,UgyVuVdLrEa7efL8jId4AaABAg,@ilovenaturevibe,පට්ට හොරු කාලකන්නි අනුන්ට හොරා කියන උන් තමා ඇත්තම හොරු,1,1764201600,පට්ට හොරු කාලකන්නි අනුන්ට හොරා කියන උන් තමා ඇත්තම හොරු,Hate
1,Ugzm3c3fe4p_7xPfw0R4AaABAg,@КАКАЅНІ,මේක නම් හෝදන්න අමාරුයියි😢 අනුර පාර්ලිමේන්තුවට ඇවිල්ලා පොඩි කයියක් දීලා ෂේප් කරනම් හරි. 😊,36,1764201600,මේක නම් හෝදන්න අමාරුයියි අනුර පාර්ලිමේන්තුවට ඇවිල්ලා පොඩි කයියක් දීලා ෂේප් කරනම් හරි,Hate
1,Ugzm3c3fe4p_7xPfw0R4AaABAg.AQ-KswCcnv6AQ0HsatbYlp,@CharukaNawodaya,හෙලිකොප්ටර් එකෙන් බැහැලා ඇවිල්ලා බදාගන්නලු ඉන්නේ අනුර😅,3,1764201600,හෙලිකොප්ටර් එකෙන් බැහැලා ඇවිල්ලා බදාගන්නලු ඉන්නේ අනුර,"Normal
"
1,Ugzm3c3fe4p_7xPfw0R4AaABAg.AQ-KswCcnv6AQ0cuE8kSSH,@Mango-m5m,එහෙම වෙන අයට  අපෙ call record කරන එක නවත්වන්න බැරිද?,0,1764201600,එහෙම වෙන අයට අපෙ call record කරන එක නවත්වන්න බැරිද,"Normal
"
1,UgxAn3-mr8RoKAo60lR4AaABAg,@JodhaBan,"මාධ්‍යයට නොකියා අධිකරණය තුළ තමා නිර්දෝෂී බව ඔප්පු කරහන්..ජනාධිපති අනුර ඇමති හදුන්ව ධූරයෙන් වහා නෙරපා හැරිය යුතුයි..පරීක්ෂණ වලට බාදා නොවීම පිණිස.. ප්‍රබල කර්මාන්ත ඇමති හදුන්ව වහා නෙරපා දමනු...
අතීතයේ ජනපති R.ප්‍රේමදාසගෙ කර්මාන්ත ඇමති රනිල් බටලන්ද චෝදනා ඇත..
එබැවින් ප්‍රබල කර්මාන්ත ඇමතියා පරීක්ෂණ අවසන් වන තෙක් ආණ්ඩුවේ කිසිදු තනතුරක් නොදැරිය යුතුයි... . . ..",17,1764201600,මාධ් යයට නොකියා අධිකරණය තුළ තමා නිර්දෝෂී බව ඔප්පු කරහන් ජනාධිපති අනුර ඇමති හදුන්ව ධූරයෙන් වහා නෙරපා හැරිය යුතුයි පරීක්ෂණ වලට බාදා නොවීම පිණිස ප් රබල කර්මාන්ත ඇමති හදුන්ව වහා නෙරපා දමනු අතීතයේ ජනපති r ප් රේමදාසගෙ කර්මාන්ත ඇමති රනිල් බටලන්ද චෝදනා ඇත එබැවින් ප් රබල කර්මාන්ත ඇමතියා පරීක්ෂණ අවසන් වන තෙක් ආණ්ඩුවේ කිසිදු තනතුරක් නොදැරිය යුතුයි,"Normal
"
1,UgxAn3-mr8RoKAo60lR4AaABAg.AQ-K0I4m2RzAQ-qNIy_XQG,@kumapixchannel,go kathawak ne...oya minissunta mandayata handa pata nodi...paminillak danna thibunane...,0,1764201600,go kathawak ne oya minissunta mandayata handa pata nodi paminillak danna thibunane,Hate
1,UgwMHmNPs2kUbdgJyu94AaABAg,@ManojPSKarunarathne,"😂😂😂 හොද වැඩේ මොන මගුලටද ඇමති කෙනෙක් එහෙමවත් පැහැදිලි කරන්න යන්නෙ. කස්ටම්  එකෙන්ම විසදා ගන්න කිව්වම ඉවරයි .ඔයාලට දැන් මඤ්ඤං. අර කතාවක් තියෙන්නෙ 
මොලේ තියනකොට බලේ නෑ
බලේ තියනකොට මො⁣ළේ නෑ 😂😂",9,1764201600,හොද වැඩේ මොන මගුලටද ඇමති කෙනෙක් එහෙමවත් පැහැදිලි කරන්න යන්නෙ කස්ටම් එකෙන්ම විසදා ගන්න කිව්වම ඉවරයි ඔයාලට දැන් මඤ්ඤං අර කතාවක් තියෙන්නෙ මොලේ තියනකොට බලේ නෑ බලේ තියනකොට මො ළේ නෑ,"Normal
"
1,UgwMHmNPs2kUbdgJyu94AaABAg.AQ-C4-dkos4AQ8fa7tuVOa,@gamakumburejayalath3177,"ඒ කාලෙත් මොලේ නැහැ.
බොරු චෝදණා හදල ස්ටේජ් වල මර ලතෝණි දෙන්න මොලයක් ඹ්නි නැහැ. වාචාලකම හොදටෝම ප්‍රමාණවත්.
ඊය එහා දෙයක් මේ අයගෙන් බලාපොරොත්තු වෙන්න බැහැ..
මමත් අහුවුණා…",1,1764547200,ඒ කාලෙත් මොලේ නැහැ බොරු චෝදණා හදල ස්ටේජ් වල මර ලතෝණි දෙන්න මොලයක් ඹ්නි නැහැ වාචාලකම හොදටෝම ප් රමාණවත් ඊය එහා දෙයක් මේ අයගෙන් බලාපොරොත්තු වෙන්න බැහැ මමත් අහුවුණා,Hate
1,UgwMHmNPs2kUbdgJyu94AaABAg.AQ-C4-dkos4AQ8z4jby7sK,@ThissaAdasuriya,මේකා මේ වැඩේ කළා කියන එක උගෙ කටින්ම කියවුනා. එතකොට මේ සම්බන්ධයෙන් කටයුතු කරන්නේ නිළධාරීන් නොවේද. නොඑසේ නම් වෙනත් අමාත්‍යංශයක ඇමතිවරයෙක්ද. මේකෙන් ඉතා පැහැදිළියි මේ හාදයා පල් හොරෙක් බව.,1,1764547200,මේකා මේ වැඩේ කළා කියන එක උගෙ කටින්ම කියවුනා එතකොට මේ සම්බන්ධයෙන් කටයුතු කරන්නේ නිළධාරීන් නොවේද නොඑසේ නම් වෙනත් අමාත් යංශයක ඇමතිවරයෙක්ද මේකෙන් ඉතා පැහැදිළියි මේ හාදයා පල් හොරෙක් බව,Hate
1,Ugw1zZGqZcm4GIBTW5F4AaABAg,@kasunmalinga3412,😂😂 ජෙප්පෝ තමා රියල් හොරු 😂😂,16,1764201600,ජෙප්පෝ තමා රියල් හොරු,Hate
1,Ugw1zZGqZcm4GIBTW5F4AaABAg.AQ-4vU9lfI0AQ8yV0mIQrp,@ThissaAdasuriya,නිකම්ම හොරු නොවෙයි පල් හොරු.,0,1764547200,නිකම්ම හොරු නොවෙයි පල් හොරු,Hate
1,UgwI8CXlZ770XXwJYW54AaABAg,@KesarinduManamperi,"😅😂 okkoma horu , wena kiyanna deyak ne.😂",11,1764201600,okkoma horu wena kiyanna deyak ne,Hate
1,UgwI8CXlZ770XXwJYW54AaABAg.AQ-0hKtgdLyAQ-qPLDOYLz,@kumapixchannel,"moda kamane oyage penne
'",1,1764201600,moda kamane oyage penne,Hate
1,UgwI8CXlZ770XXwJYW54AaABAg.AQ-0hKtgdLyAQ0csiDZvjN,@නරේන්ද්රෂරීෆ්,​ @kumapixchannel dobiya😂,2,1764201600,kumapixchannel dobiya,Hate
2,UgxqCE_oGEx493rP_td4AaABAg,@nethsarakavind33445,බේරෙ වැවෙ නාපු උන් කාලෙකින් තෙත් වෙලා😂,0,1760227200,බේරෙ වැවෙ නාපු උන් කාලෙකින් තෙත් වෙලා,Hate
2,UgzNrqQU0yVvMFnZeB54AaABAg,@pramithakumari8151,මාලිමාවේ කට්ටිය හරිම කැතයි කථා කරන විදිහ ළමයි කොහොමද මේව බලන්නේ,0,1760227200,මාලිමාවේ කට්ටිය හරිම කැතයි කථා කරන විදිහ ළමයි කොහොමද මේව බලන්නේ,Hate
2,Ugy8wGe9cGJbuaJ3uLh4AaABAg,@induganga-h4k,Thopine lapai sipai sakkli,0,1760227200,thopine lapai sipai sakkli,Hate
2,UgzzJBNl8sYSbXz_5D54AaABAg,@GaminiHettiarachchi-r9b,Kathaiyath ballange pThthe uge a.........,0,1760227200,kathaiyath ballange pththe uge a,Hate
2,Ugwtbtl4E_pEsB5_6Dx4AaABAg,@GaminiHettiarachchi-r9b,Bimmalge nahadichcha😮 kama amu gobba gathiya awajathaka kama me bimmal pennanawa,0,1760227200,bimmalge nahadichcha kama amu gobba gathiya awajathaka kama me bimmal pennanawa,Hate
2,UgxK8uPY9UlDv-nPU9t4AaABAg,@Kuscota_Scenes,Hesirenna dannethi eun parliment yewwe mokada 😅,0,1760227200,hesirenna dannethi eun parliment yewwe mokada,Normal
2,UgwU1eJnW3_gB74Xe-h4AaABAg,@amalperera3074,ජෙප්පෝ සෙට් එක 😄😄😄😄😄😄😄😄😄😄😄😄,0,1760227200,ජෙප්පෝ සෙට් එක,Hate
2,Ugz6FApip2FpAVXXWBZ4AaABAg,@SandeeshSewanagala,මොහු කතානායක තනතුරට සුදුසු නෑ. කතානායකවරයා හැමවිටම අපක්ෂපාතී විය යුතුයි.,3,1760227200,මොහු කතානායක තනතුරට සුදුසු නෑ කතානායකවරයා හැමවිටම අපක්ෂපාතී විය යුතුයි,Normal
2,UgyDqe8Ne-WbJ9yP6LV4AaABAg,@robonat_crooso,😅,0,1760227200,,Hate
2,Ugwj7-_6ER1VgzVMx254AaABAg,@sanjeewabandara2953,බිග් කුච්චන් 😂😂,0,1760227200,බිග් කුච්චන්,Hate
2,UgxaREmDrHAbW_GqjGt4AaABAg,@BuddhikaPrabath-qi9eg,Janadipatitumatama mun lapaya kiwwa ne... 😂😂😂😂,0,1760227200,janadipatitumatama mun lapaya kiwwa ne,Hate
2,UgxDeQ0jRzg7iDP7r9d4AaABAg,@kasunkulanga,Jvp karayyo deshapalanaya karanawanan english panthiyakata palayalla. Oya thiyenne dina 30n katha karawanawai kiyala 😮,0,1760227200,jvp karayyo deshapalanaya karanawanan english panthiyakata palayalla oya thiyenne dina n katha karawanawai kiyala,Hate
2,UgyPaEfy23qa7CA0lSx4AaABAg,@vidmimunasinghe7066,😂😂😂 big kuchchan😂😂😂,3,1760227200,big kuchchan,Hate
2,UgzFEWHZox6XdMNpw3l4AaABAg,@Pradeepkumara-y8o,ඉස්ස බිජ්ජ කුච්චන් ...,4,1760227200,ඉස්ස බිජ්ජ කුච්චන්,Hate
2,Ugyzq9EEZ_9yBa-TS7N4AaABAg,@Kaveesha_Vimansi,අද ඉදන් බිග් කුච්චන් කියන්නේ බිමල් රත්නායකට...ඔන්න නම තිබ්බා...😎💪,9,1760227200,අද ඉදන් බිග් කුච්චන් කියන්නේ බිමල් රත්නායකට ඔන්න නම තිබ්බා,Hate
2,Ugz81rmkxmyzRQdYXkZ4AaABAg,@TehanRanga,ජෙප්පෝ පවු ඕයී😂,11,1760227200,ජෙප්පෝ පවු ඕයී,Hate
2,UgyLWHwoSMDFBh-UaZV4AaABAg,@BBbbb-o4n,කතානායක බල්ලා බලපියකො..මාලිමා බල්ලන්ට කඩේ යන කාලකන්නියෙක්,1,1760227200,කතානායක බල්ලා බලපියකො මාලිමා බල්ලන්ට කඩේ යන කාලකන්නියෙක්,Hate
2,UgxHG27mul-nF23Aufp4AaABAg,@Ruki1416,Bimal  classless hooligan 🤮,0,1760227200,bimal classless hooligan,Hate
2,UgzPz_BWWeKR6e9OXfN4AaABAg,@malithdilshan900,බිග් කුච්චන්,10,1760227200,බිග් කුච්චන්,Hate
2,Ugy0tAsLKtU26j2pSNp4AaABAg,@Sl-r8m,ආන්ඩුවේ උන් බලු උනා😂😂😂,27,1760227200,ආන්ඩුවේ උන් බලු උනා,Hate
2,UgyYW6QzGlXQakHWlex4AaABAg,@hardinsciver5930,Pawu within me toyiyoo😂,1,1760227200,pawu within me toyiyoo,Normal
2,UgwkJBtJXBIW-oxsXOR4AaABAg,@padhmalpeiris,It is a big question??,2,1760227200,it is a big question,Normal
2,Ugz0vp-qLIysNR8RBsp4AaABAg,@Upm-s8k,රටට කිසිම වැඩක් නැති බුරැවෝ ටිකක් පාර්ලිමේන්තුවට එවලා දැන් පාර්ලිමේන්තුව හැමදාම විහිලුවක් වෙලා. මේ අවුරැද්දට  කිසිම වැඩක් වෙලා නැහැ. අපරාදේ රටේ බදු මුදල්.,8,1760227200,රටට කිසිම වැඩක් නැති බුරැවෝ ටිකක් පාර්ලිමේන්තුවට එවලා දැන් පාර්ලිමේන්තුව හැමදාම විහිලුවක් වෙලා මේ අවුරැද්දට කිසිම වැඩක් වෙලා නැහැ අපරාදේ රටේ බදු මුදල්,Hate
2,UgxbSLmmvEXszjub6x14AaABAg,@NadeeshanDDPremarathne,බ්ක්කුච්චන්😂😂😂,10,1760227200,බ්ක්කුච්චන්,Normal
2,UgybzxjO9qCLq8qQlul4AaABAg,@රකුස්ලේ,"අඩෝ හෙන ආතල් ඇ ලපයි සිපයි උගේම පක්ෂෙට ඒ වචනෙන් ගැහැවුවා.😂

බිග් කුච්චන් අඩෝ හෙන ආතල් බන් පාර්ලිමේන්තුව.😂👍",19,1760227200,අඩෝ හෙන ආතල් ඇ ලපයි සිපයි උගේම පක්ෂෙට ඒ වචනෙන් ගැහැවුවා බිග් කුච්චන් අඩෝ හෙන ආතල් බන් පාර්ලිමේන්තුව,Hate
2,UgwgcMX2A5eVOsPb--54AaABAg,@daneshkalhara4910,"නලිනා කසිප්පු පාරක් ගහලා ඉන්නේ.
ගමෙත් ඕකා කසිප්පු තමයි පෙරුවේ.. 😂😂😂😂😂😂😂",2,1760227200,නලිනා කසිප්පු පාරක් ගහලා ඉන්නේ ගමෙත් ඕකා කසිප්පු තමයි පෙරුවේ,Hate
2,UgwgcMX2A5eVOsPb--54AaABAg.AMy8N25cBZ-AMyvTUgpn-q,@savinduKavishka-b7r,Ubata ridunada it's a big kuchcham😂,2,1760227200,ubata ridunada it s a big kuchcham,Hate
2,UgwgcMX2A5eVOsPb--54AaABAg.AMy8N25cBZ-AMz-AJ6yQCH,@daneshkalhara4910,"​ @savinduKavishka-b7r 
මගේ රිදිල්ලෙන් උඹට වැඩක් නෑනේ.
Big kuchchoo😅😅😅😅😅😂😂😂😂😂😂",1,1760227200,savindukavishka b r මගේ රිදිල්ලෙන් උඹට වැඩක් නෑනේ big kuchchoo,Hate
2,UgwgcMX2A5eVOsPb--54AaABAg.AMy8N25cBZ-AMzAgaWm1Jd,@savinduKavishka-b7r,​ @daneshkalhara4910 Anna arahe gihij vsdak balagsnim big kuchchanaya😅,1,1760227200,daneshkalhara anna arahe gihij vsdak balagsnim big kuchchanaya,Hate
2,UgwgcMX2A5eVOsPb--54AaABAg.AMy8N25cBZ-AN30IN6R7bY,@dilkidilki4236,​ @daneshkalhara4910  big kucchan,0,1760227200,daneshkalhara big kucchan,Hate
2,UgwThYEt_FnMvrDIPX94AaABAg,@shara4036,jvp --> BIG KUCHCHAN 😊,0,1760227200,jvp big kuchchan,Hate
2,Ugxus3bO3qGpspxpWip4AaABAg,@GayanSampath-rd5zp,ඇච්චුවලි  ඉස්ස  බික් කුච්චන්,5,1760227200,ඇච්චුවලි ඉස්ස බික් කුච්චන්,Hate
2,Ugxjs-AOqg6hiZgq2854AaABAg,@dhananjayakumarasingha,ඔන්න ඕකයි ජෙප්පොන්ගෙ වාචික භාවිතය,7,1760227200,ඔන්න ඕකයි ජෙප්පොන්ගෙ වාචික භාවිතය,Hate
2,UgwRv19g8eV6Y-cfCml4AaABAg,@Gyn-o9c,බිග් කුච්චන් 😂,4,1760227200,බිග් කුච්චන්,Normal
2,Ugx1DIb1wR86nQD9-CB4AaABAg,@JayarajaSinha,Bikoucan. Gonhadoun😅😅😅😅😅,2,1760227200,bikoucan gonhadoun,Hate
2,UgxRNCHBh6ZPnS1MInJ4AaABAg,@kaishu-p7o,Bimal 😭😭😭😭,5,1760227200,bimal,Normal
2,UgzLDFsd-YMmsfjdQW54AaABAg,@nirmaleevithana8321,කතානායක  මරු ස්වාධීන   ඌ තනිකර  මාලිමාවෙ පාපිසි රූකඩය වගේ....නෙදකින්,5,1760227200,කතානායක මරු ස්වාධීන ඌ තනිකර මාලිමාවෙ පාපිසි රූකඩය වගේ නෙදකින්,Hate
2,UgzXsMMa5DFrO1Y7oRh4AaABAg,@PriyaKbr,Parliament එක නාඩගම් මඩුවක් කළේ ⁣වැඩබැරි ජෙප්පෝනෙ.,14,1760227200,parliament එක නාඩගම් මඩුවක් කළේ වැඩබැරි ජෙප්පෝනෙ,Normal
2,Ugy0QTVfM4Xte-eCeoZ4AaABAg,@adda-nd,ලප kota.. බිග් kuchchan 😊😊😊😅😅niyamai නලින් බණ්ඩාර,36,1760227200,ලප kota බිග් kuchchan niyamai නලින් බණ්ඩාර,Hate
2,UgzdRIPMv4ki7Lj2Dax4AaABAg,@KasunChanaka-bf3lb,මල් පැල වලට වෙච්ච දෙයක් 😅 it's a big cuchchan,40,1760227200,මල් පැල වලට වෙච්ච දෙයක් it s a big cuchchan,Hate
2,UgzTYK9LpqsZ-WNmwI14AaABAg,@KasunChanaka-bf3lb,"අරූ කතානායක නෙවෙයි,ඌ බිමල් රත්නායක 😂",32,1760227200,අරූ කතානායක නෙවෙයි ඌ බිමල් රත්නායක,Normal
2,Ugyco6DFJpEwehrKpTN4AaABAg,@padeepsuranga2261,මෝඩ ජෙෆ් ලා.......🤣,6,1760227200,මෝඩ ජෙෆ් ලා,Hate
2,UgxFVmlBlonqY5t6M394AaABAg,@KasunLasantha-k3c,Hiru TV  oyalagen oita wada deyak balaporoththu wenna be...,1,1760227200,hiru tv oyalagen oita wada deyak balaporoththu wenna be,Hate
2,UgysTEhbTJxv2FmBf_54AaABAg,@janakimalkanthi7509,Hari me lapaya ge kalisama asse sipai😂😂😂😂,2,1760227200,hari me lapaya ge kalisama asse sipai,Hate
2,Ugxg8klRmTDo-qf7SL54AaABAg,@අයේශිකා,බිග් කුච්චන්😂,21,1760227200,බිග් කුච්චන්,Nomal
2,UgzmzsatN1zVwGrg_e94AaABAg,@thavelogue_chronicles,ඉට්ස් අ බිග් කුච්චන් 😂😂,41,1760227200,ඉට්ස් අ බිග් කුච්චන්,Normal
2,Ugy2w0AafXA5Gyt3Fqh4AaABAg,@lakishan5790,thabuththegama pachaya kiwwanam hari😂😂😂😂😂😂modayo😂😂😂😂,5,1760227200,thabuththegama pachaya kiwwanam harimodayo,Hate
2,UgxH_-2yZuSRAagMTQd4AaABAg,@GlobelHambantota,"ඇච්චුලි 
ඉස්ස බිග් කුච්චන් 
JVP පිස්සු පීකුදු උත්තොලා",16,1757635200,ඇච්චුලි ඉස්ස බිග් කුච්චන් jvp පිස්සු පීකුදු උත්තොලා,Hate
2,UgwrBn6XVQip8lIQi4B4AaABAg,@ChandraSenarathperumaarachchig,ඉස් අ බිග් කුච්චන් කෝ😂😂😂කෝ,32,1757635200,ඉස් අ බිග් කුච්චන් කෝකෝ,Normal
2,UgyVVk-ejCyG1ml4pm54AaABAg,@AjanthaDoluweera,"Lapayay, sipay kiyanne katada kiyala janathawa dannawa.",0,1757635200,lapayay sipay kiyanne katada kiyala janathawa dannawa,Hate
2,Ugy06dTc2_3XDMqy4Td4AaABAg,@nimaljayasiri6065,කල වෑද්දෝ රෑලක් සූට් ඈදගෙන...ජෙප්පෝ විහිලුවක් ....ද්‍රෝහී පච රෑල ........,14,1757635200,කල වෑද්දෝ රෑලක් සූට් ඈදගෙන ජෙප්පෝ විහිලුවක් ද් රෝහී පච රෑල,Hate
2,UgyPGvTTkm2gGScEgT94AaABAg,@SKarunarathna777-e8o,Hoda wade jepponta unta hodai anunta apahsa karanna😂😂,7,1757635200,hoda wade jepponta unta hodai anunta apahsa karanna,Normal
2,Ugx4iyE2TWua4X7a3TJ4AaABAg,@NishanthaMarasingha,Ammo,0,1757635200,ammo,Normal
2,UgwnGYveg9VucXHsCG54AaABAg,@fizz-e4o,LOL Npp ඉස්ස බිග් කුච්චෙන් ඇක්චුලි😂😂,24,1757635200,lol npp ඉස්ස බිග් කුච්චෙන් ඇක්චුලි,Hate
2,Ugwdms-S65-VUxEnFOZ4AaABAg,@sandunthiwanka8804,Aaaaaaa kawda me kathanayaka......😮,5,1757635200,a kawda me kathanayaka,Hate
2,UgxLxrorK-28UmHBYDF4AaABAg,@sandunthiwanka8804,Thopini yko lapai sipai.....mineemaruwo,1,1757635200,thopini yko lapai sipai mineemaruwo,Normal
2,UgxJnlbm3CkKaS-Brkx4AaABAg,@AnuBandara-n5h,Mini marala kale penala hitapu jeppo giya udak,1,1757635200,mini marala kale penala hitapu jeppo giya udak,Normal
2,UgymnWV0Djzy07ZPSnB4AaABAg,@yajasaji5955,චූටි ආතල් ඵකක් ලැබිල,3,1757635200,චූටි ආතල් ඵකක් ලැබිල,Normal
2,UgwmIUinF1y5VB3nwT14AaABAg,@pathimindrani668,"වෙලාවක් තිබ්බොත් රට ගැනත් රටේ ආර්ථික සංවර්ධනය වෙනුවෙන් මොනවද ගන්න පුලුවන් තිරන ගැනත් කතා කරන්න
 හදිස්සි නැහැ  ඔව ඉවරවෙලා 😮😮",9,1757635200,වෙලාවක් තිබ්බොත් රට ගැනත් රටේ ආර්ථික සංවර්ධනය වෙනුවෙන් මොනවද ගන්න පුලුවන් තිරන ගැනත් කතා කරන්න හදිස්සි නැහැ ඔව ඉවරවෙලා,Hate
2,UgwmIUinF1y5VB3nwT14AaABAg.AMvWr-f3yiHAMvXCFm2Pd_,@travelingandentertainment4930,හා,3,1757635200,හා,Hate
2,UgwCnoKUpyIsPXZJMZV4AaABAg,@Lukewrite,"පව් කුඩ්ඩෝ කන්ජිපනී ඉම්රාන් මුජිබර් 
අයිස් නාමල්",0,1757635200,පව් කුඩ්ඩෝ කන්ජිපනී ඉම්රාන් මුජිබර් අයිස් නාමල්,Hate
2,UgwCnoKUpyIsPXZJMZV4AaABAg.AMvWItV_WiBAN30M5mGZcA,@dilkidilki4236,Big kucchan 🙂👍,1,1760227200,big kucchan,Normal
2,Ugx4C9kXVb3C7dbs64d4AaABAg,@dineshmaddumage506,කිසිම aartika වැඩ piliwelak nati dakmak nati karaganna bari Terenne nati Hathpole gaagena enne malima අනුර කුමාර කල්ලිය මුන් රටටම ශාපයක් kaalakanni බලු කල්ලිය මුන් රටටම ශාපයක් kaalakanni බලු,2,1757635200,කිසිම aartika වැඩ piliwelak nati dakmak nati karaganna bari terenne nati hathpole gaagena enne malima අනුර කුමාර කල්ලිය මුන් රටටම ශාපයක් kaalakanni බලු කල්ලිය මුන් රටටම ශාපයක් kaalakanni බලු,Hate
2,UgzCZ447t1drcyDlSvV4AaABAg,@AmiliyaThathsarani,හදුන් මුලු ආන්ඩුවම නැව්වා😂😂😂,43,1757635200,හදුන් මුලු ආන්ඩුවම නැව්වා,Normal
2,Ugx_2E46aPfIegApHNx4AaABAg,@gayanchandrakumara8933,පවු... විපක්ෂේ සෙට් එක රෙද්දේ රෙවිලා ඉන්නේ.... පව්... අප්පා.... ලපයි සිපයි නොවෙයි... ඕකුන්ට වෙන වචන වලින් අමතන්න ඕන.... සක්කිලි හැත්ත....,0,1757635200,පවු විපක්ෂේ සෙට් එක රෙද්දේ රෙවිලා ඉන්නේ පව් අප්පා ලපයි සිපයි නොවෙයි ඕකුන්ට වෙන වචන වලින් අමතන්න ඕන සක්කිලි හැත්ත,Hate
2,Ugw8IG7G3IxECK4o-6x4AaABAg,@ttbro844,ඔයි ඔයි නලීන් ❤,25,1757635200,ඔයි ඔයි නලීන්,Normal
2,UgzDaPusZ8fw89-6s3F4AaABAg,@Chalanagothaminawarathna,Ammmoooo😂😂😂,22,1757635200,amo,Normal
2,UgwzMJdt1EMeXf2aqoZ4AaABAg,@bihanduhandapangoda,It's a big කුච්චන් 😂😂😂😂,88,1757635200,it s a big කුච්චන්,Normal
2,UgyPtCgNBm23FDWBLJZ4AaABAg,@HasithaWijerathna-e7e,ආතල් 😂 බන් 😂,18,1757635200,ආතල් බන්,Normal
2,Ugx7u6ifO6ate9KJVTl4AaABAg,@SURANGAGAMAGE,අක්කලාට ලවු කරන එවුන්ට තමයි සිපයියෝ කියන්නේ.  හරියට අර සැමන්මොලීට කරගහපු බිම්මල් කොළුවා වගේ. ඒ අනුව ගත් කල ලපයි සිපයි කියන්නේ ඒගොල්ලන්ගේ නායකත්වය පිලිබඳ කතිකාවක්.,9,1757635200,අක්කලාට ලවු කරන එවුන්ට තමයි සිපයියෝ කියන්නේ හරියට අර සැමන්මොලීට කරගහපු බිම්මල් කොළුවා වගේ ඒ අනුව ගත් කල ලපයි සිපයි කියන්නේ ඒගොල්ලන්ගේ නායකත්වය පිලිබඳ කතිකාවක්,Hate
2,Ugx7u6ifO6ate9KJVTl4AaABAg.AMvS-I6XwUDAN308aj0t7s,@dilkidilki4236,Punchi Ammava Banda putha,0,1760227200,punchi ammava banda putha,Hate
2,UgyPH1gRaDBO6ird6K14AaABAg,@asankanimali5841,ගොබ්බ ආන්ඩුව බිග් කුච්චන්😂😂,15,1757635200,ගොබ්බ ආන්ඩුව බිග් කුච්චන්,Hate
2,Ugxh8Msm7u1noeIEp_t4AaABAg,@asankanimali5841,මුගෙ අම්මෙගෙ කතානායකකෙනෙක් නේ මූ😂😂,14,1757635200,මුගෙ අම්මෙගෙ කතානායකකෙනෙක් නේ මූ,Hate
2,Ugz1-l8hoF-3UXeHRNx4AaABAg,@asankanimali5841,බිග් කුච්චන් 😂😂😂,63,1757635200,බිග් කුච්චන්,Normal
2,UgyE91eoSe8MbGdf7YF4AaABAg,@adeesharathnamalala,අප්පගෙ කතානායක කෙනෙක්නෙ යකෝ මූ😂,60,1757635200,අප්පගෙ කතානායක කෙනෙක්නෙ යකෝ මූ,Hate
2,Ugx-5Isk9Iy529kM4u54AaABAg,@ChwR-t7j,අනුර සහෝට ලපය කියපු එක කැතයි 😂😂😂,52,1757635200,අනුර සහෝට ලපය කියපු එක කැතයි,Normal
2,UgxV-b15whOQaJsLhRx4AaABAg,@freedomis8551,ආන්ඩුව කුජීතයි😂,49,1757635200,ආන්ඩුව කුජීතයි,Hate
2,UgyG_fFDogw6XpcKklJ4AaABAg,@PramodhSenevirathna,කන්ටේනර් හොරා තමයි සිපයි !,62,1757635200,කන්ටේනර් හොරා තමයි සිපයි,Normal
2,UgznrlAO3merpcPZMwd4AaABAg,@rusiruthiranjana7262,redde rewila inne,0,1757635200,redde rewila inne,Hate
2,UgwNukC7bKh--j_PSvp4AaABAg,@rusiruthiranjana7262,gobba wipakshe,1,1757635200,gobba wipakshe,Hate
2,UgzTsO9aeLpfLx6X-nt4AaABAg,@Mora_161,Podi paku  mun podi  un😅,1,1757635200,podi paku mun podi un,Hate
2,UgxBaDcVxP8kchytlMV4AaABAg,@IndikaKumara-k2g,කසිප්පු නලින්,5,1757635200,කසිප්පු නලින්,Hate
2,UgxBaDcVxP8kchytlMV4AaABAg.AMvP8vUP1Z4AN-vhlbSa2Q,@savinduKavishka-b7r,Kakki lapaya😂,0,1760227200,kakki lapaya,Hate
2,UgyGck_POweexSN-y8h4AaABAg,@voyageSVM,අයියෝ හදුන් බල්ලා😂😂😂😂 බික්කුච්චංංංංංං😂😂😂,94,1757635200,අයියෝ හදුන් බල්ලා බික්කුච්චංංංංංං,Hate
2,UgzGX0IH5qMaLsQgDEZ4AaABAg,@wasanthabrahmacharee,kasippu naliya ugema arakku beela ewith wage...............😂,3,1757635200,kasippu naliya ugema arakku beela ewith wage,Hate
2,UgzGX0IH5qMaLsQgDEZ4AaABAg.AMvP17fyH9mAN-ve-3Kic-,@savinduKavishka-b7r,Ubata ridila Dena big kuchchanaya😂,0,1760227200,ubata ridila dena big kuchchanaya,Hate
2,Ugy3_i2KnmlUHSGzQr14AaABAg,@ViswaPrabath-g8o,Big kukchan 😂😂😂 haduna😂😂😂,35,1757635200,big kukchan haduna,Normal
2,UgymPPQ8bOnXxjP6Ghl4AaABAg,@ViswaPrabath-g8o,Bimal hora va Penna beri kuhaka kalakanni 😡😡,12,1757635200,bimal hora va penna beri kuhaka kalakanni,Hate
2,Ugyhy5yqCWDxaJOHFud4AaABAg,@christydonald4435,කාලකන්නි sjb,0,1757635200,කාලකන්නි sjb,Normal
2,UgzjsDo6_DlAhWE9tIZ4AaABAg,@bhanud9258,මේ අර වයිපරේ වැඩ නැති එකානේද😂 සජියට විරුද්ධව විශ්වාසභංගයක් ගෙනාවනං සජබයියන්ට රෙවෙනව 😂,3,1757635200,මේ අර වයිපරේ වැඩ නැති එකානේද සජියට විරුද්ධව විශ්වාසභංගයක් ගෙනාවනං සජබයියන්ට රෙවෙනව,Hate
2,UgzjsDo6_DlAhWE9tIZ4AaABAg.AMvOG0u4RkVAMvOldBbMv7,@AKDමෛත්රීපාල,ව්‍යවස්ථාවේ එහෙම එකක් නෑ ඩෝබියො😂😂,7,1757635200,ව් යවස්ථාවේ එහෙම එකක් නෑ ඩෝබියො,Normal
2,UgzjsDo6_DlAhWE9tIZ4AaABAg.AMvOG0u4RkVAMwPsdZe_Qh,@bhanud9258,​ @AKDමෛත්රීපාල උබේ ව්‍යවස්ථාවෙද? ඔය  profile photo එක වෙනස් කරපං රනිල් මෛත්‍රීපාල හරි S. මෛත්‍රී හරි කියලා. මොකද සිරා දැන් ඉන්නේ උං එක්ක 🤣🤣🤣,1,1760227200,akdමෛත්රීපාල උබේ ව් යවස්ථාවෙද ඔය profile photo එක වෙනස් කරපං රනිල් මෛත් රීපාල හරි s මෛත් රී හරි කියලා මොකද සිරා දැන් ඉන්නේ උං එක්ක,Hate
2,UgzjsDo6_DlAhWE9tIZ4AaABAg.AMvOG0u4RkVAN-OqwFwiIJ,@SupervisorLk,Cri byyo tika foam wela bn 😂pw htto byyo tika 😂😂👍,1,1760227200,cri byyo tika foam wela bn pw htto byyo tika,Hate
2,UgzjsDo6_DlAhWE9tIZ4AaABAg.AMvOG0u4RkVAN-P82WBgGt,@AKDමෛත්රීපාල,​ @SupervisorLk jebaiyek😂😂😂,1,1760227200,supervisorlk jebaiyek,Normal
2,UgzjsDo6_DlAhWE9tIZ4AaABAg.AMvOG0u4RkVAN-Q204JEbz,@SupervisorLk,​ @AKDමෛත්රීපාල ammo meya nm criyek wgee 😒,0,1760227200,akdමෛත්රීපාල ammo meya nm criyek wgee,Hate
2,UgzjsDo6_DlAhWE9tIZ4AaABAg.AMvOG0u4RkVAN-QLFNxTy4,@SupervisorLk,​ @AKDමෛත්රීපාල htto ලංකාවෙන් 3/4 කම් ජෙබය්යො තමා 😂.පාරට බැහැලා ඕක කිය කිය පලයන්කො 😂දත් නැතුව කන අතේ අරන් ගෙදර එන්න වෙන්නෙ 😂🤣🤣,0,1760227200,akdමෛත්රීපාල htto ලංකාවෙන් කම් ජෙබය්යො තමා පාරට බැහැලා ඕක කිය කිය පලයන්කො දත් නැතුව කන අතේ අරන් ගෙදර එන්න වෙන්නෙ,Hate
2,Ugx2omstjh4mmuiuCZx4AaABAg,@NalindaJayathilaka-d8m,Ow ow horunta keleweddi horunta big kuchchan thama.,1,1757635200,ow ow horunta keleweddi horunta big kuchchan thama,Hate
2,Ugx7LweQKpNmMTDpp9B4AaABAg,@janakabandara881,භික්කුච්චන්ද,26,1757635200,භික්කුච්චන්ද,Normal
2,Ugx1JMvo7g9JO8HqCBl4AaABAg,@WaruniPriyanandani,අපොයි වෙච්චි දෙයක් 😅😅😅😅,36,1757635200,අපොයි වෙච්චි දෙයක්,Normal
2,UgxsEijSSgbZO61OhBZ4AaABAg,@Blackflagxll,විපක්ෂේ කුජීතයි,11,1757635200,විපක්ෂේ කුජීතයි,Hate
2,UgxsEijSSgbZO61OhBZ4AaABAg.AMvO0YWJYzKAMwQB5Z-qcm,@thavelogue_chronicles,ආණ්ඩුව සුජාතද 😂😂,2,1760227200,ආණ්ඩුව සුජාතද,Normal
2,UgxsEijSSgbZO61OhBZ4AaABAg.AMvO0YWJYzKAMwRASIKSf3,@Blackflagxll," @thavelogue_chronicles   ane na, atleast they are trying to change something for good",0,1760227200,thavelogue chronicles ane na atleast they are trying to change something for good,Hate
2,UgwPTu_eeHhYq32qvo14AaABAg,@Neha-h6e2s,ජෙප්පෝ කැත විදියට කතා කරොත් හොඳයි අනිත් අය කතා කරොත් අපහාස. ඉස්ස බිග් කුච්චන්  😂😂😂,96,1757635200,ජෙප්පෝ කැත විදියට කතා කරොත් හොඳයි අනිත් අය කතා කරොත් අපහාස ඉස්ස බිග් කුච්චන්,Normal
2,UgwPTu_eeHhYq32qvo14AaABAg.AMvNoPFITbmAMvOcAzXdXK,@ChillestGuyEver00,Thats not the point. Opposition is clearly is shouting to change the subject  . And they get offended too easily. How can such a opposition even think of controlling a Nation?,7,1757635200,thats not the point opposition is clearly is shouting to change the subject and they get offended too easily how can such a opposition even think of controlling a nation,Normal
2,UgwPTu_eeHhYq32qvo14AaABAg.AMvNoPFITbmAMvQ7QDWMxe,@Neha-h6e2s,"​ @ChillestGuyEver00 You say the opposition is always shouting, but are you ignoring the fact that the ruling party shouts just as much, sometimes even worse? They drown out the debate like a herd of cows, making it impossible for anyone to have a proper discussion. When they keep interrupting, how can opposition members even express their opinions or points? Doesn’t that also matter, or do you only see one side?",6,1757635200,chillestguyever you say the opposition is always shouting but are you ignoring the fact that the ruling party shouts just as much sometimes even worse they drown out the debate like a herd of cows making it impossible for anyone to have a proper discussion when they keep interrupting how can opposition members even express their opinions or points doesn t that also matter or do you only see one side,Normal
2,UgwPTu_eeHhYq32qvo14AaABAg.AMvNoPFITbmAMvpr9Gqvzy,@ChillestGuyEver00,"​@DB-v9f ​Huh ? It's the other way around my friend ,  The politician from the government may said some words and the opposition stood up and cleared it out saying "" it's wrong to use such kind of words "" . Then even after after that , they were still standing and shouting , interrupting the speech of that guy.  Most importantly, they constantly disobeying the speaker of parliament orders.",0,1757635200,db v f huh it s the other way around my friend the politician from the government may said some words and the opposition stood up and cleared it out saying it s wrong to use such kind of words then even after after that they were still standing and shouting interrupting the speech of that guy most importantly they constantly disobeying the speaker of parliament orders,Normal
2,UgwPTu_eeHhYq32qvo14AaABAg.AMvNoPFITbmAMvrchPRiT9,@Neha-h6e2s,"​ @ChillestGuyEver00 You’re only blaming the opposition, but man, open your eyes  your party members are the ones shouting every single day like it’s their hobby. Their behavior is worse than cows in the market. And don’t forget, they’re the ruling side they should be setting an example, behaving more politely, not like devils or cows. If the government itself can’t control its behavior, then how can they expect any respectful debate from the opposition?",1,1757635200,chillestguyever you re only blaming the opposition but man open your eyes your party members are the ones shouting every single day like it s their hobby their behavior is worse than cows in the market and don t forget they re the ruling side they should be setting an example behaving more politely not like devils or cows if the government itself can t control its behavior then how can they expect any respectful debate from the opposition,Normal
2,UgwPTu_eeHhYq32qvo14AaABAg.AMvNoPFITbmAMvvZ0v_ugf,@ChillestGuyEver00,"​@DB-v9f Nope I already said in a comment above that the politician did say some words  .  So yes , it is wrong.  But compared to this government , Don't get me even started what your parties did? Remember ? The whole fight as well?  Maybe the opposition should try be a bit more patient . Just because that one guy said some  words to ridicule you , should you also start instantly blaming back? Wait your turn mate .In the video you can clearly see the government party doesn't stand up until the end. Even in the end , there were only few of em. Because the opposition won't stop shouting and the speaker of the parliment can't even stop it.",0,1757635200,db v f nope i already said in a comment above that the politician did say some words so yes it is wrong but compared to this government don t get me even started what your parties did remember the whole fight as well maybe the opposition should try be a bit more patient just because that one guy said some words to ridicule you should you also start instantly blaming back wait your turn mate in the video you can clearly see the government party doesn t stand up until the end even in the end there were only few of em because the opposition won t stop shouting and the speaker of the parliment can t even stop it,Normal
2,UgwPTu_eeHhYq32qvo14AaABAg.AMvNoPFITbmAMvvldCzrVz,@ChillestGuyEver00,"​@DB-v9fEven after the argument , that guy was kept repeating the same word , he should act a little mature",0,1757635200,db v feven after the argument that guy was kept repeating the same word he should act a little mature,Normal
2,UgwPTu_eeHhYq32qvo14AaABAg.AMvNoPFITbmAMw0CfVKSPJ,@Neha-h6e2s,"​ @ChillestGuyEver00  You’re acting like only the opposition shouts, but aren’t you ignoring the reality? The government benches also shout like cows every single day, drowning out everyone else. You say “wait your turn” but how can anyone get a turn when the ruling side itself keeps interrupting and making noise? As the party is in power, they should set an example and behave with maturity. Instead, they shout more than anyone and then pretend the opposition is the only problem. Open your eyes both sides shout, but the government’s behavior is far worse because they are the ones responsible for maintaining order.",0,1757635200,chillestguyever you re acting like only the opposition shouts but aren t you ignoring the reality the government benches also shout like cows every single day drowning out everyone else you say wait your turn but how can anyone get a turn when the ruling side itself keeps interrupting and making noise as the party is in power they should set an example and behave with maturity instead they shout more than anyone and then pretend the opposition is the only problem open your eyes both sides shout but the government s behavior is far worse because they are the ones responsible for maintaining order,Normal
2,UgwPTu_eeHhYq32qvo14AaABAg.AMvNoPFITbmAMw31G40Rze,@nimaljayasiri6065,..................කල වෑද්දෝ රෑලක් සූට් ඈදගෙන...ජෙප්පෝ විහිලුවක් ....ද්‍රෝහී පච රෑල ........,4,1757635200,කල වෑද්දෝ රෑලක් සූට් ඈදගෙන ජෙප්පෝ විහිලුවක් ද් රෝහී පච රෑල,Normal
2,UgwPTu_eeHhYq32qvo14AaABAg.AMvNoPFITbmAMwNrXFwPnM,@ChillestGuyEver00,"​@DB-v9f  Do you think the opposition isn't responsible for acting mature ? They can just go play around ? If you remember correctly in the past governments , you can see who clearly acted like ridiculously in the parliment .  Just because one politician mocked other with a made up name, it doesn't mean you should act like a snorting bull keep repeating that name . For example look at that Nalin Bandara right there.  And do not forget Vasudeva Nanayakkara and his curse words in the past government.  The opposition easily gets offended for such a little word . Even today when that politician  Archuna was speaking something , the opposition suddenly just jumped out screaming. He might be trolling or not , because sometimes that's one of his traits , Shouldn't the opposition just wait for him to end the speech ? How can you stay in the  parliment if you get easily provoked ?",0,1760227200,db v f do you think the opposition isn t responsible for acting mature they can just go play around if you remember correctly in the past governments you can see who clearly acted like ridiculously in the parliment just because one politician mocked other with a made up name it doesn t mean you should act like a snorting bull keep repeating that name for example look at that nalin bandara right there and do not forget vasudeva nanayakkara and his curse words in the past government the opposition easily gets offended for such a little word even today when that politician archuna was speaking something the opposition suddenly just jumped out screaming he might be trolling or not because sometimes that s one of his traits shouldn t the opposition just wait for him to end the speech how can you stay in the parliment if you get easily provoked,Hate
2,UgwPTu_eeHhYq32qvo14AaABAg.AMvNoPFITbmAMwOM9rJPKj,@ChillestGuyEver00,"​@DB-v9f  you should realise this is the reason why the opposition has lost the election.Because of their arrogance and subversive behaviour.  Even with many parties united now against the government , they still don't have the majority of the votes .",0,1760227200,db v f you should realise this is the reason why the opposition has lost the election because of their arrogance and subversive behaviour even with many parties united now against the government they still don t have the majority of the votes,Normal
2,UgwPTu_eeHhYq32qvo14AaABAg.AMvNoPFITbmAN-pN0Za7xt,@Neha-h6e2s,"​ @ChillestGuyEver00  You keep blaming only the opposition for immaturity, but why are you turning a blind eye to the government’s behavior? If you want to talk about “acting mature,” shouldn’t the ruling party the ones with actual power be setting the standard first? Instead, they insult, shout, and provoke, then pretend like they’re innocent when the opposition reacts.

Losing an election doesn’t erase the government’s responsibility to behave properly in parliament. If the ruling side keeps mocking and behaving like a circus, obviously the debates collapse into shouting matches. Don’t forget the speaker himself struggles to control BOTH sides, not just the opposition.

So stop acting like only the opposition is childish. The truth is, the government is no better in fact, it’s worse, because they’re supposed to lead by example. If they can’t even maintain basic discipline, how can you expect the opposition to quietly sit and tolerate constant provocation?",1,1760227200,chillestguyever you keep blaming only the opposition for immaturity but why are you turning a blind eye to the government s behavior if you want to talk about acting mature shouldn t the ruling party the ones with actual power be setting the standard first instead they insult shout and provoke then pretend like they re innocent when the opposition reacts losing an election doesn t erase the government s responsibility to behave properly in parliament if the ruling side keeps mocking and behaving like a circus obviously the debates collapse into shouting matches don t forget the speaker himself struggles to control both sides not just the opposition so stop acting like only the opposition is childish the truth is the government is no better in fact it s worse because they re supposed to lead by example if they can t even maintain basic discipline how can you expect the opposition to quietly sit and tolerate constant provocation,Normal
2,UgwPTu_eeHhYq32qvo14AaABAg.AMvNoPFITbmANP8Bpojr3R,@Name_000_0, @ChillestGuyEver00  sybau,0,1760227200,chillestguyever sybau,Normal
2,Ugz1_bAv3Iv8uqpCru94AaABAg,@ranjithnimal566,"Naliya adat Kasippu kelala,  😂😂😂",5,1757635200,naliya adat kasippu kelala,Normal
2,Ugz_NDweta282BzZPc54AaABAg,@sportcalledcricket2009,ammo nalin bandara,22,1757635200,ammo nalin bandara,Normal
2,Ugz_NDweta282BzZPc54AaABAg.AMvN66_kpk4AMvNuD8oYFT,@ranjithnimal566,Kasippuwa,1,1757635200,kasippuwa,Hate
2,Ugz_NDweta282BzZPc54AaABAg.AMvN66_kpk4AMvOj-qIxgh,@AKDමෛත්රීපාල,​ @ranjithnimal566 hire dapanko ithin😂,7,1757635200,ranjithnimal hire dapanko ithin,Hate
2,Ugz_NDweta282BzZPc54AaABAg.AMvN66_kpk4AN-v_bug-mO,@savinduKavishka-b7r,​ @ranjithnimal566 kakka kill kiyak kanoda davasata😂,0,1760227200,ranjithnimal kakka kill kiyak kanoda davasata,Normal
2,UgzM9pQ3HqOSJJLVPth4AaABAg,@DaddyDim,Man made disaster 😂😂😂,19,1757635200,man made disaster,Hate
2,UgwSnaE6-w49xSR5knR4AaABAg,@AKDමෛත්රීපාල,බිග් කුච්චන් 😂,42,1757635200,බිග් කුච්චන්,Normal
2,UgwSnaE6-w49xSR5knR4AaABAg.AMvMvh-OWlBAMvNsMLmO3Z,@ranjithnimal566,"etta bn, edat me  vipakse inna apatayo,  hesirune me vidiyata,",0,1757635200,etta bn edat me vipakse inna apatayo hesirune me vidiyata,Hate
2,UgwSnaE6-w49xSR5knR4AaABAg.AMvMvh-OWlBAMvOgwd7anc,@AKDමෛත්රීපාල,​ @ranjithnimal566 😂😂 දැන් කන්ටේනර් බිමල් ලස්සනට හැසිරුණානේ පලයන් ඩෝබි සුදා යන්න😂😂,6,1757635200,ranjithnimal දැන් කන්ටේනර් බිමල් ලස්සනට හැසිරුණානේ පලයන් ඩෝබි සුදා යන්න,Hate
2,UgzCIU_MjdmpXA4uZxV4AaABAg,@KumuduniFrenado,Bigkuchan😅😅😅,18,1757635200,bigkuchan,Normal
3,UgyGZfronxik7vnhZGB4AaABAg,@DominikSilva-o1k,"මූ කියන ඒවා ඔක්කොම ඇත්ත😂😂😂
මේවා අහගෙන ඉන්න උන්ගේ රෙද්දෙ ගූ ගිහිල්ලා😂",1,1765411200,මූ කියන ඒවා ඔක්කොම ඇත්ත මේවා අහගෙන ඉන්න උන්ගේ රෙද්දෙ ගූ ගිහිල්ලා,Hate
3,UgxIpSDXTX-3Z3e3fyd4AaABAg,@DominikSilva-o1k,මූ කියන ඒවා ඔක්කොම ඇත්ත😂😂😂,1,1765411200,මූ කියන ඒවා ඔක්කොම ඇත්ත,Normal
3,UgyGEgiogOfj35qU1t94AaABAg,@DominikSilva-o1k,Very good,1,1765411200,very good,Normal
3,Ugy4xhVSnHHulZnD6vV4AaABAg,@dorawakarev.wimala2508,Buuruwa .,0,1765152000,buuruwa,Hate
3,UgwuKSNFtlhOfwu3MY94AaABAg,@NiranjalakusumRajapaksha-p1r,"Sugeewa hinawunata apita pakada sujeewata, chamata sampatta galak kapala hinaweyan😂😂😂😂😂😂😂",0,1765065600,sugeewa hinawunata apita pakada sujeewata chamata sampatta galak kapala hinaweyan,Hate
3,Ugyg8O1YhGhHBNZ80TB4AaABAg,@AjithWasantha-n9j9j,Janapathithuma a pura diyunukaranna mulu Siri iankavama diyunukaranna Nathan oyalakiyae a p vitharai karagaththa kiyala anapathi thuma hare shthrae a k data bs dp sobadahamath athuma rakinava,0,1765065600,janapathithuma a pura diyunukaranna mulu siri iankavama diyunukaranna nathan oyalakiyae a p vitharai karagaththa kiyala anapathi thuma hare shthrae a k data bs dp sobadahamath athuma rakinava,Normal
3,UgzYgzhJt6W0WCD2a7h4AaABAg,@subashinichandrasekara9885,පොර වැඩෙක් කියලා පෙන්නෙන්. හදනවා.,0,1764979200,පොර වැඩෙක් කියලා පෙන්නෙන් හදනවා,Normal
3,Ugw0eVaEMTbKxyfVvL54AaABAg,@subhashiranathunga3055,ගොන් පාට්,0,1764806400,ගොන් පාට්,Hate
3,UgwIk5HVGkHF35ZAkIR4AaABAg,@isharaudith7636,මරැ විපක්ෂේ කවදාවත් බලයට එන්න බැ...😂😂😂,1,1764720000,මරැ විපක්ෂේ කවදාවත් බලයට එන්න බැ,Normal
3,Ugy8kKY2YsfJMvmqCB54AaABAg,@Sanjeewasampath-j9b,Chamarala wage kalakanni deshapaluwo aye mekata genna epa mu vitharak nemei thawa un innawa gennanam epa me ekekwath,0,1764633600,chamarala wage kalakanni deshapaluwo aye mekata genna epa mu vitharak nemei thawa un innawa gennanam epa me ekekwath,Hate
3,UgxmnYgjHpsWSXiLrGh4AaABAg,@Sanjeewasampath-j9b,Mun minisjivithath ekka sellam karanawa thamange balaya wenuwen kalakanni....,0,1764633600,mun minisjivithath ekka sellam karanawa thamange balaya wenuwen kalakanni,Hate
3,UgwxgQ2xh4wrzDUM-xh4AaABAg,@wijethungachaminda7999,Bota doduda Bola,0,1764547200,bota doduda bola,Hate
3,UgyZSuF5cg9TSO1O2Sh4AaABAg,@chat8444,බදුල්ල නාය ගිය හේතුව 😅,0,1764460800,බදුල්ල නාය ගිය හේතුව,Normal
3,UgwTqQlwGGEo6I0QKHJ4AaABAg,@Labro9,"ජනතාවගේ පැත්තෙ ඉඳගෙනනම් කතාකරන්නේ දැන්වත් ඔය කතාව නවත්තන්න , මොකද අපේ පන්තියේ නායකයෙක් අපිට ඉන්නවා",0,1764374400,ජනතාවගේ පැත්තෙ ඉඳගෙනනම් කතාකරන්නේ දැන්වත් ඔය කතාව නවත්තන්න මොකද අපේ පන්තියේ නායකයෙක් අපිට ඉන්නවා,Normal
3,Ugxj57HehqjFJ6ZCwG14AaABAg,@Raaa256,"ඒ දවස් වල ඩෝබි අයියලා පෝස්ට් හැදුවා,159ත් එක්ක චාමරට ඉන්න අමාරු වෙයි කියලා😂",0,1764374400,ඒ දවස් වල ඩෝබි අයියලා පෝස්ට් හැදුවා ත් එක්ක චාමරට ඉන්න අමාරු වෙයි කියලා,Normal
3,UgxHWgqQF1MYrhIwPsF4AaABAg,@dileepaparis6938,Nimallll siripalaaaa.  Pagakarayaaaa. Mechchraaaa kallll.  Monadaaaa kaleeee wachalaaaa badaaaaa.,0,1764288000,nimal siripala pagakaraya mechchra kal monada kale wachala bada,Hate
3,UgyIVeYHLbzXk9osgIZ4AaABAg,@dileepaparis6938,Kariiii baaaa wachalayaaaaa.,0,1764288000,kari ba wachalaya,Hate
3,Ugx68Lm_QiIbutN1o7Z4AaABAg,@SiyaLatha-h5e,චාමර මන්ත්‍රී තුමා නැත්තම්  පාර්ලිමේන්තු වෙන් වැඩක් නෑ හිනා කාල මැරෙනව ජයවේවා ඔබතුමාට 😂😂😂😂😂😂,0,1764288000,චාමර මන්ත් රී තුමා නැත්තම් පාර්ලිමේන්තු වෙන් වැඩක් නෑ හිනා කාල මැරෙනව ජයවේවා ඔබතුමාට,Hate
3,UgxqFFDsRrRQxY4ADYF4AaABAg,@IndikaRuwan-k5d4t,Oyanam nitamai manyri thuma..oya kiyanne aththamai,0,1764288000,oyanam nitamai manyri thuma oya kiyanne aththamai,Normal
3,UgyPJfsXKmoQvkTMLoZ4AaABAg,@roshanhewage4352,"උබේ,වේදනාව කියහන් නමුත් ඔය කියන්කෙත් බොරැ",0,1764288000,උබේ වේදනාව කියහන් නමුත් ඔය කියන්කෙත් බොරැ,Hate
3,UgyWqnrQQYpLqj4JVqB4AaABAg,@SamaraGunawardana-hn9vv,ජෙප්පො න්ට අද කරන්න ලොකු දෙයක්  නෑ ..මහින්ද මේ රටේ වැඩ ඔක්කොම  කෙරුව මුන්ට කරන්න  තියෙන්නෙ  පොඩි දෙයයි ...ඒ පොඩි වැඩ  ටික මුන්ට  කර ගන්න  බැරුව  කෙදිරි ගාන හැටි විලි ලැජ්ජ යි...,0,1764288000,ජෙප්පො න්ට අද කරන්න ලොකු දෙයක් නෑ මහින්ද මේ රටේ වැඩ ඔක්කොම කෙරුව මුන්ට කරන්න තියෙන්නෙ පොඩි දෙයයි ඒ පොඩි වැඩ ටික මුන්ට කර ගන්න බැරුව කෙදිරි ගාන හැටි විලි ලැජ්ජ යි,Hate
3,UgwYGh_AKwVRDFkI4Kh4AaABAg,@ChamindaPerera-v2w7v,"මම   බදුල්ලේ    මම  හිටියේ   උන   රිප්ප  ගහලා   පොඩි  කාමරයේ   ලමයි  4ක්   පවුලයි,,,,,මෙකා,,,,චාමර   අහක   බලා   ගියා",0,1764288000,මම බදුල්ලේ මම හිටියේ උන රිප්ප ගහලා පොඩි කාමරයේ ලමයි ක් පවුලයි මෙකා චාමර අහක බලා ගියා,Hate
3,Ugz1bSbc-SEgOXrKqf54AaABAg,@kdentertainments,ඒ කියන්නෙ ජන්දෙන් ආවහම ලංකාවේ ඒ ඇමතිකමට කරන්න තියන ඒවා ඔක්කොම පැත්තකට දාලා  තමන්ගෙ පැත්තෙ හදන්න ඕනෙ. අවශ්‍යතාවය තියන තැනට නෙවේ තමන්ගෙ ගම පැත්තට සල්ලි පොම්ප කරන එක තමයි කරන්න ඕනි. ගමේ පලාතෙ උන්ගෙන් තමන්ගෙ අමාත්‍යාංශෙම පුරවලා දාන්න ඕනි. ජනාධිපතිකම හම්බ උනා නම් රට කෙසේ වෙතත් රටේම සල්ලි පුලුවන් තරම් තමන්ගෙ ගම ගෙවල් පැත්තට වියදම් කරන්න ඕනි. රට මැද පුලුවන් නම් වරායක් හරි හදන්න ඕනෙ. ඒකනෙ මේ නොකියා කියන්නෙ.,0,1764288000,ඒ කියන්නෙ ජන්දෙන් ආවහම ලංකාවේ ඒ ඇමතිකමට කරන්න තියන ඒවා ඔක්කොම පැත්තකට දාලා තමන්ගෙ පැත්තෙ හදන්න ඕනෙ අවශ් යතාවය තියන තැනට නෙවේ තමන්ගෙ ගම පැත්තට සල්ලි පොම්ප කරන එක තමයි කරන්න ඕනි ගමේ පලාතෙ උන්ගෙන් තමන්ගෙ අමාත් යාංශෙම පුරවලා දාන්න ඕනි ජනාධිපතිකම හම්බ උනා නම් රට කෙසේ වෙතත් රටේම සල්ලි පුලුවන් තරම් තමන්ගෙ ගම ගෙවල් පැත්තට වියදම් කරන්න ඕනි රට මැද පුලුවන් නම් වරායක් හරි හදන්න ඕනෙ ඒකනෙ මේ නොකියා කියන්නෙ,Hate
3,UgzBJMtszr834HHpx014AaABAg,@AnandaAnanda-f1f,චාමරයගෙ කයිය තිබිබට වැඩ කොහොමද දන්නැහොරා කන්නෙම නැති කෙනෙක්ද,0,1764288000,චාමරයගෙ කයිය තිබිබට වැඩ කොහොමද දන්නැහොරා කන්නෙම නැති කෙනෙක්ද,Normal
3,UgxcPYQrekNRdJzrOLR4AaABAg,@NadeeshaMediwake,Amatikale uba baluwe nane,0,1764288000,amatikale uba baluwe nane,Normal
3,UgybEzqDiNE0yhUOqOZ4AaABAg,@UdayaKumar-z7s9m,Monawa unath me kathawa aththak  thiyenawa,0,1764288000,monawa unath me kathawa aththak thiyenawa,Hate
3,Ugz1EeDoKDDCWI0cnQJ4AaABAg,@NiroshaHerath-w2o,Wasanthaua ge loku kama wadi wela mole na Dan 😅😅😅,0,1764288000,wasanthaua ge loku kama wadi wela mole na dan,Normal
3,UgyFmTfHGkWudSti8QJ4AaABAg,@NiroshaHerath-w2o,Aththa mewa ahalawathminisdu ekka kiyapu dewal karala murandu Kam athara gaththa nam me anduwa idi.naththsn Aya rsjapaksa kenek eye,0,1764288000,aththa mewa ahalawathminisdu ekka kiyapu dewal karala murandu kam athara gaththa nam me anduwa idi naththsn aya rsjapaksa kenek eye,Normal
3,UgwD7CB5qZ0K2kt1e894AaABAg,@SomasaraSomasara,Podi deyak allala,0,1764288000,podi deyak allala,Normal
3,UgwFkxTButTXlThr4OJ4AaABAg,@BandaraWijesinha-u5u,දැන් තමා ඌ ජොබ් එක හරියට කාරන්නෙ..ඉස්සර හොරා කන උන් දැක්කම සද්ද නෑ.දැන් තම  ඇත්ත කිය්න්නෙ,1,1764288000,දැන් තමා ඌ ජොබ් එක හරියට කාරන්නෙ ඉස්සර හොරා කන උන් දැක්කම සද්ද නෑ දැන් තම ඇත්ත කිය්න්නෙ,Hate
3,UgxkSOIWqSOuX2kpsv94AaABAg,@MohottalaSarath,වසන්ත පොන්නය අටනාත් හානවා අනුරාධපුර පැත්තේ යන්න apa හොදේ රෙදි නැතිව anna වන්න,0,1764288000,වසන්ත පොන්නය අටනාත් හානවා අනුරාධපුර පැත්තේ යන්න apa හොදේ රෙදි නැතිව anna වන්න,Normal
3,Ugwm2a0HYFvOpcrbPQF4AaABAg,@MohottalaSarath,සහතික ඇත්ත කාටාව ඇමති තුමා,0,1764288000,සහතික ඇත්ත කාටාව ඇමති තුමා,Hate
3,UgxWwHA596VbeH8QhQB4AaABAg,@LasanthaKulasinghe,කෝ සක්කිලියා,0,1763683200,කෝ සක්කිලියා,Normal
3,UgzhrKWb_QAMV5ZfP994AaABAg,@PureMindVisuals,Maalimawa yaha magata ganna hadnne 😂😂 kaiya withrai anurage idan.,0,1763683200,maalimawa yaha magata ganna hadnne kaiya withrai anurage idan,Hate
3,UgxUJl50YkQkWogF7Id4AaABAg,@galwije,"පාසල් බෑග්වලින් පවා හොරකම් කළ එකා අන් අයට උපදෙස් දෙන්න එනවා. ලංකාවේ 'හරක්' ට ගැලපෙන සෝබන කතාව.

නොදකින්! තොපිට අම්මලා හරක් කිරි පොවලා කරගත් විනාසේ!",0,1763683200,පාසල් බෑග්වලින් පවා හොරකම් කළ එකා අන් අයට උපදෙස් දෙන්න එනවා ලංකාවේ හරක් ට ගැලපෙන සෝබන කතාව නොදකින් තොපිට අම්මලා හරක් කිරි පොවලා කරගත් විනාසේ,Hate
3,UgyHheRSlRbXjoeZpsd4AaABAg,@galwije,චාමර සම්පත් කියන්නේ අමු වංචාකාර බොරුකාරයෙක්. හරක් ටික ආතල් අරන් ඌට රැවටෙනවා.,0,1763683200,චාමර සම්පත් කියන්නේ අමු වංචාකාර බොරුකාරයෙක් හරක් ටික ආතල් අරන් ඌට රැවටෙනවා,Hate
3,Ugx6KHjJqA0ZvMfghjl4AaABAg,@Rushmiamaya,Ammo,0,1763683200,ammo,Normal
3,UgxOZNEfAmYAxfSsWRF4AaABAg,@IsuruDileep-f2q,ඌව අපේ ගැම්ම..❤ චාමර,3,1763683200,ඌව අපේ ගැම්ම චාමර,Normal
3,UgwEzbPbl8MU1pTSu7N4AaABAg,@rashmiprithvi,Elama chamara.,0,1763683200,elama chamara,Normal
3,Ugys8UmKkIs4vBcVx1t4AaABAg,@srimalrathnasekara4860,බෙදලා දෙන්න... අම්මෝ ඔයා...,0,1763683200,බෙදලා දෙන්න අම්මෝ ඔයා,Normal
3,Ugya4xsSgQvpmlUtG4V4AaABAg,@anuruddapeiris9954,Chamara Amu Haraka,0,1763683200,chamara amu haraka,Hate
3,UgxCPzV0LLNX3tpA6Eh4AaABAg,@AmilaJayamanna,දැන් එකා හාල් ටිකත් රටෙන් ගෙනහල්ලා සතොස නැතිම කරලා දැම්මා . අවුරුද්දට උගෙ බඩනං ගොඩ දාගත්ත . ඒත් වහල්ලු ටික කයියෙන් ගොඩදාගත්තා,0,1763683200,දැන් එකා හාල් ටිකත් රටෙන් ගෙනහල්ලා සතොස නැතිම කරලා දැම්මා අවුරුද්දට උගෙ බඩනං ගොඩ දාගත්ත ඒත් වහල්ලු ටික කයියෙන් ගොඩදාගත්තා,Normal
3,UgynhxQuylTH2Cphnxp4AaABAg,@DilhanMadusanka-q2j,❤❤❤❤❤Chamra,0,1763683200,chamra,Normal
3,UgwVw45WKgkhU2Kbdrh4AaABAg,@indikauluwaduge,භාන්ඩාගාරෙ සල්ලි බෙදා ගන්න හරි ආසයි නෙ.. මිලියන ගනන් ගිලල බඩෙන් පේනවා ...,0,1763683200,භාන්ඩාගාරෙ සල්ලි බෙදා ගන්න හරි ආසයි නෙ මිලියන ගනන් ගිලල බඩෙන් පේනවා,Normal
3,UgwHzDhkPl29zpODE4B4AaABAg,@indrasiridewage3122,Please  Speak  important thing for the Sirilankan's  positive plans for the future in sirilanka. ❤❤❤😍🇱🇰🇱🇰🇱🇰,0,1763683200,please speak important thing for the sirilankan s positive plans for the future in sirilanka,Hate
3,UgyViG-RLYXjh7zJeqV4AaABAg,@chandanawee,මං බලාගෙන ඉන්නෙ 159 චාමරව වඩා ගන්නකම්,0,1763683200,මං බලාගෙන ඉන්නෙ චාමරව වඩා ගන්නකම්,Normal
3,UgytRS_eQXkgSDUS5Ed4AaABAg,@darshanaprasanna4729,"මිනිස්සු දුක් වින්දට මුං රජ සැප ගන්නේ
😂😂😂😂😂😂",0,1763683200,මිනිස්සු දුක් වින්දට මුං රජ සැප ගන්නේ,Normal
3,Ugw8aRLyGftwufOyHNN4AaABAg,@anurasenarath567,සුපිරි,3,1763683200,සුපිරි,Normal
3,Ugy9xMi5ruehVS2_AfB4AaABAg,@බාස්-ග1ච,ටිල්විං ඩයි මයිනව ගෙනල්ලා ඉස්සරහා තියලා පුකේ අරින්න තියෙන්නෙ,0,1763683200,ටිල්විං ඩයි මයිනව ගෙනල්ලා ඉස්සරහා තියලා පුකේ අරින්න තියෙන්නෙ,Hate
3,UgxsNFnJuJyU7gHm5Kl4AaABAg,@NadeekaMunasinghe-b2d,ව්නෝද.වැඩ.සටහන.චාමරයගෙ.අත.පයදික්.කරකර.කිසිම.වැදගත්.කමක්නැහැ😂,0,1763683200,ව්නෝද වැඩ සටහන චාමරයගෙ අත පයදික් කරකර කිසිම වැදගත් කමක්නැහැ,Normal
3,UgxsBNiJoC6C4cxeVZl4AaABAg,@munarfaanas1890,"Npp 159  BIKE EKEN PARLIAMENT YANAWA 
Vits car 12lakh denawoooow",0,1763683200,npp bike eken parliament yanawa vits car lakh denawow,Normal
3,UgyuDfW-9I6noAIhqbR4AaABAg,@adventureacademy6592,Ubat kagahala.hotal haduwa kaga sallida ban,0,1763683200,ubat kagahala hotal haduwa kaga sallida ban,Normal
3,UgwSZtH9zKjwbVmBN3x4AaABAg,@nuwanmaduranga5940,"ලංකාවේ දේසපාලුවන් ගැන දකපු දේ තමයි උන් ඇත්තටම කොමිස් කාපු හොරු, තමන්ගේ හෙන්චයියට පවා හොරකම් කරලා කන්න පාර කපපු බොසාල, තමන්ගේ කකුල් ලෙවකන උන්ට, පප්පා ගැන උන්ට පොඩි ජොබ් කැල්ලක් දීලා උන්ගේ හත්මුතු පරම්පරාවම උන්ගේ වහල්ලු කරගත්ත උන්... මේ ක්‍රමේ විදියත්මකව වෙනස් කරනවා මෙන්න තියෙන ප්ලැන් කියලා ආපු උන්ට ඒ කියපු දේවල් කරගන්න බැරිව දැන් උන් අවුරුදු 46ක්‌ විතරයි ආණ්ඩු බ ලේ ගන්න මිනිස් ජිවිත පවා පුජා කරලා දැන් බලේ ලැබුනම එකේ උපරිම සැප ගන්න ට්‍රයි එක. උන්ට තේරෙන්නේ නැ මිනිස්සුන්ගේ මුලික අවශ්‍යතාවන් වත් මොනවද කියලා. අර ගෝමිකද කවුද කියලා කෙනෙක් ගෙනල්ල පෙන්නපු විද්දියතාමක ක්‍රමවේදය දැන් කොහෙද දන්නේ නැ ඒ මාධ්‍ය සංදර්ශන දාමු පුද්ගලයා කොහෙද දන්නෙත් නැ(බලේ ගත්තට පස්සේ මීඩියා එකෙන් දැක්කේ නැ )... මෙච්චරයි සරලව. මිනිස්සුන්ගේ මුලික අවශ්‍යතා   හදුනාගෙන මිනිස්සුන්ගේ ආර්ථිකේට දරාගන්න පුළුවන් වෙන විදියට ජනතාවට සැලකුවේ නැතිනම් ඉති අයෙත් පරණ දේසපාලන රැල්ලම තමා. එක වෙනස් කරන්න වෙන්නේ නැ ආයේ අවුරුදු සියගනකටවත්.",0,1763683200,ලංකාවේ දේසපාලුවන් ගැන දකපු දේ තමයි උන් ඇත්තටම කොමිස් කාපු හොරු තමන්ගේ හෙන්චයියට පවා හොරකම් කරලා කන්න පාර කපපු බොසාල තමන්ගේ කකුල් ලෙවකන උන්ට පප්පා ගැන උන්ට පොඩි ජොබ් කැල්ලක් දීලා උන්ගේ හත්මුතු පරම්පරාවම උන්ගේ වහල්ලු කරගත්ත උන් මේ ක් රමේ විදියත්මකව වෙනස් කරනවා මෙන්න තියෙන ප්ලැන් කියලා ආපු උන්ට ඒ කියපු දේවල් කරගන්න බැරිව දැන් උන් අවුරුදු ක් විතරයි ආණ්ඩු බ ලේ ගන්න මිනිස් ජිවිත පවා පුජා කරලා දැන් බලේ ලැබුනම එකේ උපරිම සැප ගන්න ට් රයි එක උන්ට තේරෙන්නේ නැ මිනිස්සුන්ගේ මුලික අවශ් යතාවන් වත් මොනවද කියලා අර ගෝමිකද කවුද කියලා කෙනෙක් ගෙනල්ල පෙන්නපු විද්දියතාමක ක් රමවේදය දැන් කොහෙද දන්නේ නැ ඒ මාධ් ය සංදර්ශන දාමු පුද්ගලයා කොහෙද දන්නෙත් නැ බලේ ගත්තට පස්සේ මීඩියා එකෙන් දැක්කේ නැ මෙච්චරයි සරලව මිනිස්සුන්ගේ මුලික අවශ් යතා හදුනාගෙන මිනිස්සුන්ගේ ආර්ථිකේට දරාගන්න පුළුවන් වෙන විදියට ජනතාවට සැලකුවේ නැතිනම් ඉති අයෙත් පරණ දේසපාලන රැල්ලම තමා එක වෙනස් කරන්න වෙන්නේ නැ ආයේ අවුරුදු සියගනකටවත්,Normal
3,UgzlY7QKzzkZVcu_Kxh4AaABAg,@ShakilaDilshan-v5z,යකෝ මුන්නේ මෙච්චර කල් හිටියේ. එහෙම බැලිවම මුන් මොකුත්ම කරල නෑනෙ.,0,1763683200,යකෝ මුන්නේ මෙච්චර කල් හිටියේ එහෙම බැලිවම මුන් මොකුත්ම කරල නෑනෙ,Normal
3,UgwMfCE9yd9dB5Dgesl4AaABAg,@UpasenaUpasena-v5i,👍,0,1763683200,,Normal
3,Ugxk0Tr2JAYe2lujjtt4AaABAg,@susilsenarathna7076,ඇත්ත  කියනවා අනුරාධපුර රෙන් 3යි මේලෝ රහක් නෑකිසි වැඩ්ක් නෑමෙලෝ දෙයය්ක් මුන් කර්න් නෑකිසි දෙයක් කරන් නැ,2,1763683200,ඇත්ත කියනවා අනුරාධපුර රෙන් යි මේලෝ රහක් නෑකිසි වැඩ්ක් නෑමෙලෝ දෙයය්ක් මුන් කර්න් නෑකිසි දෙයක් කරන් නැ,Hate
3,UgwIhWjUFiKMbrnMhk94AaABAg,@Damindasuranjith,ඇත්තටම  චාමර කියන්නේ  මාර  බඩුවක්නෙ  යකෝ  .😂😂😂❤❤❤❤,0,1763683200,ඇත්තටම චාමර කියන්නේ මාර බඩුවක්නෙ යකෝ,Normal
3,UgyQFZRrLvbFLX__fmx4AaABAg,@mdshifan7211,Sokari kolama wage chamaraya... Joker...😂,0,1763683200,sokari kolama wage chamaraya joker,Normal
3,UgzSq3MveOV9ews7ehp4AaABAg,@kasunmalinga3412,ජෙවිපි එකේ හොරු එකෙන් එක එලිවෙනවා,0,1763683200,ජෙවිපි එකේ හොරු එකෙන් එක එලිවෙනවා,Normal
3,UgwqUnTbplQ3Cwm7ePF4AaABAg,@RuwanChandima-w2h,අනේ චාමර බෝරු කියන්න එපා වසන්ත සමරසිංහ ඇමතියා අදින්න රෙදි කෑල්ලක් නැතුව අවේ හරියට කරේ නැ කියලා හරියට කරේ නැත්තම් කෝටි 27 ක් තියෙයි ඇ 😁😁😁,0,1763683200,අනේ චාමර බෝරු කියන්න එපා වසන්ත සමරසිංහ ඇමතියා අදින්න රෙදි කෑල්ලක් නැතුව අවේ හරියට කරේ නැ කියලා හරියට කරේ නැත්තම් කෝටි ක් තියෙයි ඇ,Normal
3,UgzT8VRHYhvXtqaM0Ft4AaABAg,@dilshanAajith,Oyadalanna apha Aka ayala awa balagani,0,1763683200,oyadalanna apha aka ayala awa balagani,Normal
3,UgwvQi1DGdf1dRg0zwl4AaABAg,@LeelasiriEdirisingha,Bado ubavitarai katawa danenna kiyannesthuthi,0,1763683200,bado ubavitarai katawa danenna kiyannesthuthi,Normal
3,Ugz-kui8Ey2waY3hiL54AaABAg,@DimuthuPriyankara-z2p,Chamarata teka penala,0,1763683200,chamarata teka penala,Normal
3,UgzVUR8EVx2oaiIFYq54AaABAg,@KanthiKalupahana-l9m,චාමර  සම්පත්🎉🎉🎉🎉🎉🎉🎉🎉🎉,0,1763683200,චාමර සම්පත්,Normal
3,UgwiC_KWIoVyUXu6zdh4AaABAg,@sathyagaweshaka8430,Okkoma muta hure danawa.. ethin yako a paththe minissu thota chande dila patb kole ada etekadata light naththan thoo balala karanna epai😂😂 thoo thoge hotels tikai gewal tikai parai hadagaththa a minissu duppath gaga muu welalenawa ekata thawa niyamai chamara gannath harak tikak innawane yako😂😂,0,1763683200,okkoma muta hure danawa ethin yako a paththe minissu thota chande dila patb kole ada etekadata light naththan thoo balala karanna epai thoo thoge hotels tikai gewal tikai parai hadagaththa a minissu duppath gaga muu welalenawa ekata thawa niyamai chamara gannath harak tikak innawane yako,Normal
3,UgxnSkPjlokYbX4nVcN4AaABAg,@KumaraVijebandara-r3r,බත් බැලයො මාලිමාවට පුකදෙන පකයා තොට රිදෙනවාද ඇත්ත කියනකොට,0,1763683200,බත් බැලයො මාලිමාවට පුකදෙන පකයා තොට රිදෙනවාද ඇත්ත කියනකොට,Normal
3,UgxgjDzdyyALgMZqGPB4AaABAg,@KumaraVijebandara-r3r,සුපිරි චාමර ❤,5,1763683200,සුපිරි චාමර,Normal
3,UgzoT2XENTGwNPKzK3B4AaABAg,@ZeylonTradition,හිනාවෙන්න නං හොදයි ඉතින් 🤪,1,1763683200,හිනාවෙන්න නං හොදයි ඉතින්,Normal
3,Ugz5uZll2OEhq2ohsVZ4AaABAg,@ZeylonTradition,"මුනගෙ කයිය විතරයි. ඔය කයිය වගේ වැඩ තිබ්බ නම්, මුන්ට දැන් තමයි කටවල් ඇරිල තියෙන්නෙ . රාජපක්ෂලල ඉද්දි නැට්ට පුකේ ගහගෙන හිටියේ. දැන් පුදුම ආදරයක් තියෙන්නෙ මිනිස්සුන්ට . පව් බලේ රැක ගන්නනෙ ඉතින් 🤪",0,1763683200,මුනගෙ කයිය විතරයි ඔය කයිය වගේ වැඩ තිබ්බ නම් මුන්ට දැන් තමයි කටවල් ඇරිල තියෙන්නෙ රාජපක්ෂලල ඉද්දි නැට්ට පුකේ ගහගෙන හිටියේ දැන් පුදුම ආදරයක් තියෙන්නෙ මිනිස්සුන්ට පව් බලේ රැක ගන්නනෙ ඉතින්,Hate
3,UgwZLRPtN3Zcn-J4zth4AaABAg,@Banduladisanayake456,චාමරයා ට ව්පක්ෂ නායකත්වය වහාම ලබාදිම කලයුතුය .ඒ සදහ මංති ජංදය ක් පැවත් ව්ම හොදයි .,0,1763683200,චාමරයා ට ව්පක්ෂ නායකත්වය වහාම ලබාදිම කලයුතුය ඒ සදහ මංති ජංදය ක් පැවත් ව්ම හොදයි,Normal
3,Ugzq8eSbG1RyzbnAt8J4AaABAg,@slt99gaming6,චාමර තඩිය වගේ එකෙක් චරිතයක් උන එව්නුත් ඉන්නවනෙ😂😂,0,1763078400,චාමර තඩිය වගේ එකෙක් චරිතයක් උන එව්නුත් ඉන්නවනෙ,Hate
3,UgzMkTiQH5sV0gvF_JF4AaABAg,@SurangaewmSuranga,Ela,3,1763078400,ela,Normal
3,Ugz4rFOI9sSwVDKVMbN4AaABAg,@nanimal4200,Meya aniwaryen Parliament eke inna one kenek 😂😂😂,0,1763078400,meya aniwaryen parliament eke inna one kenek,Normal
3,Ugz3DG_AOOCYzTbiaPp4AaABAg,@AjithLanerolle,❤❤❤❤❤❤,0,1763078400,,Hate
3,Ugyms6mW_1dAO74Wr754AaABAg,@kisangasomacyril5724,"Meka hora thami. Sathe nathiwa bookku uda hitiya Chamara, dan lolu badakuth ekka Praeliment eke. Sathu tui one danumata. Hotal, ida kadam, building gedari. Aran apu ewa wenda athi. Ammala appochilagen apu dewal wenna athi.",0,1763078400,meka hora thami sathe nathiwa bookku uda hitiya chamara dan lolu badakuth ekka praeliment eke sathu tui one danumata hotal ida kadam building gedari aran apu ewa wenda athi ammala appochilagen apu dewal wenna athi,Hate
3,UgzEDtdnYlJODVjTJvt4AaABAg,@nishannest2399,මොනවා උනත් හොරා උනත් උගේ කථා මරු.හොරකම් කරන්නෙත් වැඩ කරන උන්ම තමා.මේක මුන් හොරා කන්නේ නෑ කියකියා ඉතින් මුන් හොරා කන්න වැඩ කරන්න එපැයි,0,1763078400,මොනවා උනත් හොරා උනත් උගේ කථා මරු හොරකම් කරන්නෙත් වැඩ කරන උන්ම තමා මේක මුන් හොරා කන්නේ නෑ කියකියා ඉතින් මුන් හොරා කන්න වැඩ කරන්න එපැයි,Normal
3,Ugw8AagVAk1O48xeEHp4AaABAg,@Cyberthinu,ඒ ගත්ත සල්ලි වලින් වැඩ කරා නම් බදුල්ල සුරපුරයක් වෙන්න එපැයි 😂,0,1763078400,ඒ ගත්ත සල්ලි වලින් වැඩ කරා නම් බදුල්ල සුරපුරයක් වෙන්න එපැයි,Normal
3,UgwuG31m2hfMq2xwDsB4AaABAg,@shiranidominic9138,නියම මනුෂ්‍යයෙක්  පාර්ලිමේන්තු සිටිය  යුතු කෙනෙක්,4,1763078400,නියම මනුෂ් යයෙක් පාර්ලිමේන්තු සිටිය යුතු කෙනෙක්,Normal
3,UgzzJmbb2O__Uqgpgs94AaABAg,@rohanpranith1221,Chamara supiri..... maha polawe inna minihek,0,1763078400,chamara supiri maha polawe inna minihek,Normal
3,UgzuMghb64DoR_YLSxh4AaABAg,@SithumSampath-k2d,බදුල්ලේ උන් චාමර යවපු එකන්ම් සුපිරි ❤❤❤,9,1763078400,බදුල්ලේ උන් චාමර යවපු එකන්ම් සුපිරි,Disinfo
3,UgyhsJNCGfX_Ywg-a-Z4AaABAg,@rajithavroon9938,මුන් ජන්දෙ ගන්නේ බොරුවට කැගහන්න විතරයි 😅,0,1763078400,මුන් ජන්දෙ ගන්නේ බොරුවට කැගහන්න විතරයි,Hate
3,Ugy1GrZklHGnS8MVCgJ4AaABAg,@NevilSweshDmal,චාමරයෝ උඹනම් මරැ❤❤,4,1763078400,චාමරයෝ උඹනම් මරැ,Normal
3,UgwRxKTW-D1sRniK9uh4AaABAg,@ErandiKulathunga-z8s,Anuradhapureta ape janadhipati thuma innwa ballo,0,1763078400,anuradhapureta ape janadhipati thuma innwa ballo,Disinfo
3,UgyHHBU8T8lcsR1IIxV4AaABAg,@shakirmohammed1068,Superb,0,1763078400,superb,Normal
3,Ugx4pG_t4ArZV2FtVxF4AaABAg,@kaliyoung7442,Mewa kiyannada bn mun parliament yanne thuuuu..,0,1762905600,mewa kiyannada bn mun parliament yanne thu,Normal
3,UgzfjwfhdoBwjPX2qsJ4AaABAg,@kanthikumari4765,"රටක ජනපති කෙනෙක් බිහිවුන දිස්ත්‍රික්කයට වැඩියෙන් සලකන්න  ංඔින කියල එකක් නැ.එයා බිහිවුණේ මුලු රටේම කැමැත්තෙන්.
ඔය කුුමය මුලින්ම පටන් ගත්තෙ මහින්ද  මහතා.පස්සෙ තමයි  ඒක බෝ වුනේ.ගම්පහෙන් අගමැති  ජනපති දෙන්නෙක්   බිහි වුනා.කරපු දෙයක් නැ.අදටත් ගම්පහ  නගරය දියුණු නැ.හැමදාම  පොඩි වැස්සටත්  ගංවතුර,පාරවල් කැඩිලා,නල ජලය නැ.
කරන සංවර්ධනය ක් රටටම බෙදෙන්න ඔින.",0,1762905600,රටක ජනපති කෙනෙක් බිහිවුන දිස්ත් රික්කයට වැඩියෙන් සලකන්න ංඔින කියල එකක් නැ එයා බිහිවුණේ මුලු රටේම කැමැත්තෙන් ඔය කුුමය මුලින්ම පටන් ගත්තෙ මහින්ද මහතා පස්සෙ තමයි ඒක බෝ වුනේ ගම්පහෙන් අගමැති ජනපති දෙන්නෙක් බිහි වුනා කරපු දෙයක් නැ අදටත් ගම්පහ නගරය දියුණු නැ හැමදාම පොඩි වැස්සටත් ගංවතුර පාරවල් කැඩිලා නල ජලය නැ කරන සංවර්ධනය ක් රටටම බෙදෙන්න ඔින,Normal
3,Ugx7KAN3pX4AQN6wqd54AaABAg,@Asanka1989-wl,"අනිවාර්යයෙන් අපිත් ඡන්දය දුන්නනේ අනුරාධපුර හදන්න, හැබැයි බැරි උනොත් රෙදි නැතුව තමයි යන්න වෙන්නේ වසන්තලට,,,",0,1762905600,අනිවාර්යයෙන් අපිත් ඡන්දය දුන්නනේ අනුරාධපුර හදන්න හැබැයි බැරි උනොත් රෙදි නැතුව තමයි යන්න වෙන්නේ වසන්තලට,Disinfo
3,UgxCVCrjhDGTyWuZgKF4AaABAg,@janakailukkumbure4890,නියමයි චාමර සම්පත් ඇමතිතුමනි...❤,1,1762905600,නියමයි චාමර සම්පත් ඇමතිතුමනි,Normal
3,UgwJNVy6vmcaNEEddlx4AaABAg,@steffananderson7222,Muu ussu pittek,0,1762905600,muu ussu pittek,Hate
3,UgwO2BlDzfaLK49gnxN4AaABAg,@jagathnanayakkara4769,Boru ona na atha kathawa 😂👍,0,1762905600,boru ona na atha kathawa,Hate
3,Ugz7levwSJi8hv_H-W14AaABAg,@gaminisusajee8467,ANE mehema gon harakek,0,1762905600,ane mehema gon harakek,Hate
3,UgwmBHOzdMC9kyulMnJ4AaABAg,@PriyankaHerath-b5w,චාමර මහත්තයා නියමයි,4,1762905600,චාමර මහත්තයා නියමයි,Hate
3,Ugwiv6sWBr2wvvO4fnJ4AaABAg,@MahindaPeiris,Aththa  super,1,1762905600,aththa super,Normal
3,Ugx7Ogw0TzWowSlE3Gl4AaABAg,@saparamadhujayatilleke2166,"මේ පිස්ස හොදයි පිස්සන් කොටුවට. ඔය කෑගහන්නෙ හොරාකාල , හොරාකාල ලගදි ඇතුලෙ රස විදින්ඩ වෙනබව දැනගෙන. අපරාදෙ මේ වගේ වඩේ වෙලෙන්දො පාර්ලිමේන්තු  එවපු එක. කිසිම වැදගත් දෙයක් කතාකරන් නැහැ. මේ පිස්සට කියල එවන විදිහට නැට්ටුව වගේ නටනව.",0,1762905600,මේ පිස්ස හොදයි පිස්සන් කොටුවට ඔය කෑගහන්නෙ හොරාකාල හොරාකාල ලගදි ඇතුලෙ රස විදින්ඩ වෙනබව දැනගෙන අපරාදෙ මේ වගේ වඩේ වෙලෙන්දො පාර්ලිමේන්තු එවපු එක කිසිම වැදගත් දෙයක් කතාකරන් නැහැ මේ පිස්සට කියල එවන විදිහට නැට්ටුව වගේ නටනව,Hate
3,Ugy7DL9YozBhsoVa6aV4AaABAg,@PrabathDananjaya-tv,බදුල්ල ජනතාවට හිස නමා ආචාර්ය කරනවා චාමර පාර්ලිමේන්තු එවපු එකට,1,1762905600,බදුල්ල ජනතාවට හිස නමා ආචාර්ය කරනවා චාමර පාර්ලිමේන්තු එවපු එකට,Normal
3,Ugw56pnRpSOy4mGg2up4AaABAg,@GunawardanaLiyanage-t3t,දැන් කැඩිලා තියෙන්නේ දැන් චන්ද 10 නැ,0,1762905600,දැන් කැඩිලා තියෙන්නේ දැන් චන්ද නැ,Normal
3,Ugz8wl1SQEJ6gwHxhIl4AaABAg,@nisalabeysinghe9847,චාමර සම්පත් 🎉,3,1762905600,චාමර සම්පත්,Normal
3,UgyOhXPuuGHCxLbLAmF4AaABAg,@Dontdowrong-g9w,කුණු ගදහන ජෙප්පොන්ට මේවා තේරුම් ගන්න බෑ ..කුහක ජෙප්පෝ 😂😂😂😂😂😂,8,1762905600,කුණු ගදහන ජෙප්පොන්ට මේවා තේරුම් ගන්න බෑ කුහක ජෙප්පෝ,Hate
3,UgwRGgGE7L3IFBAzLgl4AaABAg,@bonifesperere5059,ඔහොම බෙදලා තමයි කෙළවුනේ😅😅😅 මොලේ නෑ බඩා,0,1762905600,ඔහොම බෙදලා තමයි කෙළවුනේ මොලේ නෑ බඩා,Hate
3,UgzW5VIjUP2dWXHWBI54AaABAg,@mohamedimran3946,Chamara ayya 😂😂😂,0,1762905600,chamara ayya,Normal
3,UgyQWoTteGN-EkCiVeN4AaABAg,@samithdilshan1993,අඩනවා නේද😂,0,1762905600,අඩනවා නේද,Normal
3,Ugxus_XmOc10L5lXbp94AaABAg,@RubiBalla-x8n,Maruma kathawa chamara❤,1,1762905600,maruma kathawa chamara,Normal
3,UgwzGVbO4rRCsOqIAph4AaABAg,@Chenox-y3n,JVP anuduwa kelawila palayan,0,1762905600,jvp anuduwa kelawila palayan,Normal
3,Ugx6gWXnRRkePeHnu1h4AaABAg,@LaLalani-u2d,යකෝ චාමර යකෙක්❤❤❤❤❤❤❤❤❤❤❤❤❤❤❤,4,1762905600,යකෝ චාමර යකෙක්,Normal
3,UgxxFEUq01fhD3kgTNF4AaABAg,@harshaamarasekara666,Wasnthaya baya una natta ......😂😂😂😂😂😂😂😂😂,0,1762905600,wasnthaya baya una natta,Hate
3,UgyumO5OwDp76Oz-_nR4AaABAg,@wickremasinghenimal631,"මුන් ඔක්කොම ( ආන්ඩුපක්ශය හා විපක්ශය) ජෝකර් වෙලා  රටට කෙලිනව ,මුන් එකෙක්වත් අනුරය ගහපු ඉන්දියානු චීන ගිවිසුම්‍ ගැනහූම්‍ කියන්නෙ නෑ,ඇමෙරිකානු MCC මිලිටරි මිණීමරැ කොරිදෝව ගැන ,කන්ටේ‍නර්324 ගැන අල ලූණු වී ගොවියන් ගැන කථා නෑ රටේ‍ දරැවන් සමරිසි කරන එක බෞද්ධ ජන බලයට කෙලින රටට කෙලින එක ගැන කථා කඑන්නෙ නෑඋනුයි මුනුයි එක එකාගෙ විකෘති කාමයන් ගැන ජනථා බදු මුදලින් පාර්ලිමේ‍න්තුවෙ ඩෙගා නටනව කාලකණ්නි  දැන ගෙනම රටට කෙලවනව,තුං නොදෝකින්!!!👹👺🤡🤑💩🐖💩🤑🌈🙉🤡🙈🤌🏾",0,1762905600,මුන් ඔක්කොම ආන්ඩුපක්ශය හා විපක්ශය ජෝකර් වෙලා රටට කෙලිනව මුන් එකෙක්වත් අනුරය ගහපු ඉන්දියානු චීන ගිවිසුම් ගැනහූම් කියන්නෙ නෑ ඇමෙරිකානු mcc මිලිටරි මිණීමරැ කොරිදෝව ගැන කන්ටේ නර් ගැන අල ලූණු වී ගොවියන් ගැන කථා නෑ රටේ දරැවන් සමරිසි කරන එක බෞද්ධ ජන බලයට කෙලින රටට කෙලින එක ගැන කථා කඑන්නෙ නෑඋනුයි මුනුයි එක එකාගෙ විකෘති කාමයන් ගැන ජනථා බදු මුදලින් පාර්ලිමේ න්තුවෙ ඩෙගා නටනව කාලකණ්නි දැන ගෙනම රටට කෙලවනව තුං නොදෝකින්,Hate
3,UgwHwbuB3LeTRNoutK54AaABAg,@SenosHarsha,චාමර වගේ ඇක්ටිව් වෙයල්ලා අනිත් උනුත්,3,1762905600,චාමර වගේ ඇක්ටිව් වෙයල්ලා අනිත් උනුත්,Hate
3,UgyqJaFsOWvtY123vEF4AaABAg,@mangalasuraweera,"විවේචනය තුල ආංඩුවට දෙන අවවාද ,
ආංඩුව රැකීම නොවෙයි ,
ඒවා තුල රටේ අරාජිකත්වය රටට හානියක් නොවීම පිනිසයි .
වගකීම් සහිතයි .සැබෑ වුවමනාවෙන්ම හැමදාම වැඩ සහ කතා මිනිස්සුන් වෙනුවෙනි.",3,1762905600,විවේචනය තුල ආංඩුවට දෙන අවවාද ආංඩුව රැකීම නොවෙයි ඒවා තුල රටේ අරාජිකත්වය රටට හානියක් නොවීම පිනිසයි වගකීම් සහිතයි සැබෑ වුවමනාවෙන්ම හැමදාම වැඩ සහ කතා මිනිස්සුන් වෙනුවෙනි,Normal
3,UgxSV6eeHFhDYXNFbl94AaABAg,@chamindanawarathna9576,Pissu huttek.....,0,1762905600,pissu huttek,Hate
3,UgzJ7Pt4CXjoA8I5ONh4AaABAg,@disanayakadisanayaka4989,හොල්මනට ජෙප්පො බයවෙලා,0,1762905600,හොල්මනට ජෙප්පො බයවෙලා,Normal
3,Ugy2gqATVN5zWAG8NS94AaABAg,@susajeegamini3803,Gon harakek,0,1762905600,gon harakek,Normal
3,Ugy_nq3L_J1L9k80Oyt4AaABAg,@priyadharshini1581,Gym gihin body shape wenna,0,1762905600,gym gihin body shape wenna,Normal
3,UgwA7MjsjhHRjSTN9up4AaABAg,@ranjithdissanayaka1149,Ozawa andanawa,0,1762905600,ozawa andanawa,Normal
3,Ugx4ZpNYP35faaBT7KJ4AaABAg,@ranjithdissanayaka1149,Missed.kata.karai,0,1762905600,missed kata karai,Normal
3,UgwJzvHGtEpg6uMIx3F4AaABAg,@rasindurishmitha1387,බදුල්ලෙ මිනිස්සුන්ට කියන්නෙ මේ මිනිහව ලබන පාර එක කරල පාර්ලිමේන්තු එවන්න ❤,5,1762905600,බදුල්ලෙ මිනිස්සුන්ට කියන්නෙ මේ මිනිහව ලබන පාර එක කරල පාර්ලිමේන්තු එවන්න,Normal
3,UgzAZzxEQ0WXTRao21Z4AaABAg,@NishelNiruwan,Thanks lokka api wenywen hitiyta,0,1762905600,thanks lokka api wenywen hitiyta,Normal
3,UgzatDgvCZ-ODI-imyt4AaABAg,@NilukaDamayanthi-mr3mh,විලි ලැජ්ජා තියනවනම් තඹුත්තේගම    හදනවා අම්මපල් ❤ අනුර කෝ ඔයා😂,4,1762905600,විලි ලැජ්ජා තියනවනම් තඹුත්තේගම හදනවා අම්මපල් අනුර කෝ ඔයා,Hate
3,Ugw1BdLwOd3is1s7Uh94AaABAg,@SisiraKumara-g9o,මු හොදයි මේ රටේ බයියන්ට...,0,1762905600,මු හොදයි මේ රටේ බයියන්ට,Hate
3,Ugwl1T4_F8S85Bu4urZ4AaABAg,@DulanjanaSadaruwan-h5q3n,Uva wellasse Supiri waddek adarei ❤ monaragala api,0,1762905600,uva wellasse supiri waddek adarei monaragala api,Normal
3,UgxHHJTvH1BHkP4BjY94AaABAg,@manjumanju-ru1sb,balagena hitapan gota paka rathtaram enakan topita aye chande na pako ammata hukawala ganne topi me Kala Kala ammage huthtak kiyanawa,0,1762905600,balagena hitapan gota paka rathtaram enakan topita aye chande na pako ammata hukawala ganne topi me kala kala ammage huthtak kiyanawa,Hate
3,UgwueVXABP8UaLqcGEZ4AaABAg,@jagathkarunarathne3170,එකෙන්ම සුපිරි,3,1762905600,එකෙන්ම සුපිරි,Normal
3,UgyW1BCuh6S6dKzPQhp4AaABAg,@songmusicprabash1856,වසන්ත සමරසිංහ ඇමැති ගෙ ටිකක් හුලං බැහැලා නේ😂😂,1,1762905600,වසන්ත සමරසිංහ ඇමැති ගෙ ටිකක් හුලං බැහැලා නේ,Normal
3,UgzMX8ZwOF-Js6tJGo94AaABAg,@samithatennekoon4007,"මේ බුරු චාමරයගේ පිස්සු කියවන්න වැයවෙන්නේ ජනතා සල්ලි, මුංව පාර්ලිමෙන්තුවට එව්වේ හරක් ම තමා",1,1762905600,මේ බුරු චාමරයගේ පිස්සු කියවන්න වැයවෙන්නේ ජනතා සල්ලි මුංව පාර්ලිමෙන්තුවට එව්වේ හරක් ම තමා,Normal
3,Ugx1mJEJVcTk8dy2kRd4AaABAg,@RathnasekaraRathnayakamudiyans,චාමර උඹ මේ රටට වාසනාවක්.හැබැයි ජෙප්පන්ට කරුමයක්.,4,1762905600,චාමර උඹ මේ රටට වාසනාවක් හැබැයි ජෙප්පන්ට කරුමයක්,Hate
3,UgzLfU60SkwuYnU8ukh4AaABAg,@SurangaEkanayaka-o2m,මේ වගේ මන්ත්‍ර තුමන්ලාත් අපපේ රටට අවශියයි,3,1762905600,මේ වගේ මන්ත් ර තුමන්ලාත් අපපේ රටට අවශියයි,Normal
3,UgwvBPk-UYhBLbRu2jV4AaABAg,@MalkanthiAbeynayake,අම්මෝ චාමර මහත්තයෝ කියන්න වචනයක් නැ සුපිරි,6,1762905600,අම්මෝ චාමර මහත්තයෝ කියන්න වචනයක් නැ සුපිරි,Normal
3,UgwX4fQjn5kyKMWrWq14AaABAg,@LalitKumar-o4f5j,චාමර පට්ට,5,1762905600,චාමර පට්ට,Normal
3,UgzpwkRZkTlEvd5IHDZ4AaABAg,@senarathbalasooriyabalasoo1910,"මේ යකා මොනවද මේ දොඩවන්නෙ,අපරාදෙ පාර්ලිමේන්තුවෙ වෙලාවෙ.",0,1762905600,මේ යකා මොනවද මේ දොඩවන්නෙ අපරාදෙ පාර්ලිමේන්තුවෙ වෙලාවෙ,Normal
3,UgyJKOCukx9VHWY8rWB4AaABAg,@RamyaLasanthi-p6u,❤❤❤ ❤❤,1,1762905600,,Normal
3,UgzvAe8LA4reUJhi5Mh4AaABAg,@isharasandeepa8205,Ratama goda danawa aiye me anduwa charamara bro oya ke geheuwata ahanda aya ne,0,1762905600,ratama goda danawa aiye me anduwa charamara bro oya ke geheuwata ahanda aya ne,Normal
3,UgxRYLoiBSTWulFt8j54AaABAg,@kumarasilva1395,He is wasting the time.. we have to spend millions of money for a parliament session.. so this is wasting our tax money ..,0,1762905600,he is wasting the time we have to spend millions of money for a parliament session so this is wasting our tax money,Normal
3,UgwH5HekjcuXBazTlSB4AaABAg,@anandaathukorala5266,paw wasanthage athal eka.,0,1762905600,paw wasanthage athal eka,Normal
3,UgxK0lzcrKDXQeVxAqR4AaABAg,@BihangaAnuhas,අපේ ගමෙ සර් 2:19,1,1762905600,අපේ ගමෙ සර්,Normal
3,UgyDlkft458tcFaWZ-x4AaABAg,@DammikaWalpola-k4n,Deshalana parinathabawa akka athi athdekeem..,0,1762905600,deshalana parinathabawa akka athi athdekeem,Normal
3,Ugy_LaYLVZXCDbhKycd4AaABAg,@nayanasaputanthri5466,excellent❤️❤️,5,1762905600,excellent,Normal
3,UgwlTloHRrvx08sksy14AaABAg,@ajithkumara2401,"Chamara karumeta  Desapalana 
Karayek Une
E Laga Athme Naluwek  Weyai",0,1762905600,chamara karumeta desapalana karayek une e laga athme naluwek weyai,Hate
3,UgxuCfWMqbnhaVYgsTZ4AaABAg,@ajithkumara2401,"Mama  U N p  karayek
Newe .Sujiwa.Serasinghe mathithuma Hoda Manussayek ❤❤❤❤",0,1762905600,mama u n p karayek newe sujiwa serasinghe mathithuma hoda manussayek,Hate
3,UgxyGSWuPRYMJHc87BN4AaABAg,@shamshardmarikkar653,Appiriyay mey wagey aya uththareethara sabawata yawana noogath pisso thawa lankawey innawaney..chik witharak kisi ugath kamak nathi 3.50 baanda mung...mung hondai bajar ekey badu adinna,0,1762905600,appiriyay mey wagey aya uththareethara sabawata yawana noogath pisso thawa lankawey innawaney chik witharak kisi ugath kamak nathi baanda mung mung hondai bajar ekey badu adinna,Hate
3,UgwytJOnQJeycT1gjEt4AaABAg,@menson1352,බදුල්ලේ ම්නිස්සු අනාගතය බලලා එව්ව සුපිරි බුලට් එක❤,4,1762905600,බදුල්ලේ ම්නිස්සු අනාගතය බලලා එව්ව සුපිරි බුලට් එක,Normal
3,UgzmEbD6us5158P4Tqp4AaABAg,@pradeepnadeera-d6g,🎉🎉🎉🎉🎉🎉🎉❤❤❤❤,1,1762905600,,Normal
3,UgwQCwDnNC3t6SympZ14AaABAg,@skg9581,ELA KIRI 👍👍👍NIYAMA URA GON PAKAYA MUNTA DUNNITH APITA WALE WAL NEEE..!!!.MU WAGEMA LANKAWE TAMATH GON PAKAILA TIKAK INNA BAWA OENAWA.LAJJAI YAKO..URANGE GU URO😂😂😂,0,1762905600,ela kiri niyama ura gon pakaya munta dunnith apita wale wal ne mu wagema lankawe tamath gon pakaila tikak inna bawa oenawa lajjai yako urange gu uro,Hate
3,UgwAmg3nhJDxzd9mwrp4AaABAg,@priyanthasamarasingha2275,Pala වසා badu කාරයා 😂😂😂,0,1762905600,pala වසා badu කාරයා,Normal
3,Ugy9NO70tXdR42KzxwZ4AaABAg,@diliphewawellalalage4196,වසන්ත තෝ බොරු කියන්ඩ එපා මට පේන්නෙ මුට ඉතුරු ටිකත් පේන්නැද්ද කොහෙද,1,1762905600,වසන්ත තෝ බොරු කියන්ඩ එපා මට පේන්නෙ මුට ඉතුරු ටිකත් පේන්නැද්ද කොහෙද,Normal
3,UgzYakDgZFoROIH57bR4AaABAg,@skg9581,TOPI HODATA APITA ARIYA PUKEEE😂😂😂 KALAKANNI GU URA.. TOGE HATI BALAPANKO LAJJAI..  HORA KALA KALA..!!! LABANA AURUDDE PUKA TAMAI..😂😂😂,0,1762905600,topi hodata apita ariya puke kalakanni gu ura toge hati balapanko lajjai hora kala kala labana aurudde puka tamai,Hate
3,Ugx2iPGZsQBvFUVHXtV4AaABAg,@nishanthagunasekara-k1e,niyamai bro,0,1762905600,niyamai bro,Normal
3,Ugw0ed2VGSyJALDzWIZ4AaABAg,@msiipeditz,අප්පිරියයි පෙරේත බලලු බයි ටොයි හැඨ්හිකරේ ආයෙ මේ ආන්ඩුව වැටෙන්නෙ නෑ බය වෙන්න එපා,1,1762905600,අප්පිරියයි පෙරේත බලලු බයි ටොයි හැඨ්හිකරේ ආයෙ මේ ආන්ඩුව වැටෙන්නෙ නෑ බය වෙන්න එපා,Hate
3,UgxuITeuMmNTRywrkMx4AaABAg,@skg9581,BADULLA VITARK NEWEI PAKO LANKAWA EKAMA RATAK..TOPI WAGE GON URANTA CHANDE DENA HON H..PUTALATA PUKE INDAN PISSU😂😂😂😂,0,1762905600,badulla vitark newei pako lankawa ekama ratak topi wage gon uranta chande dena hon h putalata puke indan pissu,Hate
3,UgyvGhzFXhd2On58RJJ4AaABAg,@skg9581,MU GU KANA URA.. DAN GONNU VIKKA PAKO.. APITH BADULLE.. GU KAPU KALE IWARAI.. WAL BAILA GAHANNE NATIWA PALA PAKO.. 😂😂😂 GU H. PUTA.. 76TISEE TOPI HIKUWADA..????,0,1762905600,mu gu kana ura dan gonnu vikka pako apith badulle gu kapu kale iwarai wal baila gahanne natiwa pala pako gu h puta tisee topi hikuwada,Hate
3,UgwObQihM340Cs_T-Yp4AaABAg,@NelsansumanaBandara,"අනුරාධපුර කලින් ගැහුවෙත් හොඳම ටම දැන් යින්න විපක්ෂ ට සංවර්ධනය නැත
Thanks අනුරාධපුර ගැන කතා කරාට",2,1762905600,අනුරාධපුර කලින් ගැහුවෙත් හොඳම ටම දැන් යින්න විපක්ෂ ට සංවර්ධනය නැත thanks අනුරාධපුර ගැන කතා කරාට,Normal
3,Ugx4uEZpVIA_IQV9hHh4AaABAg,@ManjulaAbeysundara,දැන් තොපි කාල කාලා අම්මට ඔහු කන්නට මෙතන කතාන්දර කැරියෝ කැරච්චාමර සම්පතක්,0,1762905600,දැන් තොපි කාල කාලා අම්මට ඔහු කන්නට මෙතන කතාන්දර කැරියෝ කැරච්චාමර සම්පතක්,Hate
3,UgzgRgsVtp9Hcsm5z7B4AaABAg,@wasanthaherath2012,මට.උබට.චන්දෙ.දෙන්න.විදියක්.නැහැ.මම.කුරුණැගලනෙ.❤❤❤❤,1,1762905600,මට උබට චන්දෙ දෙන්න විදියක් නැහැ මම කුරුණැගලනෙ,Normal
3,UgyKLgBae9DkUVlBojB4AaABAg,@UdayaUpul,Thopl.hamanunada.gon.pakayo,0,1762905600,thopl hamanunada gon pakayo,Hate
3,UgwAFuHErL4VNZ2qzAN4AaABAg,@amangiseneviratne6017,Wasantha fail.,0,1762905600,wasantha fail,Normal
3,UgwxKA1xoqT2uA9Dyid4AaABAg,@SmamarasuriyaAmarasuriya,"Oyata, anitpara,oyata,chanda,Aya denne,Neha,chamara,",0,1762905600,oyata anitpara oyata chanda aya denne neha chamara,Normal
3,Ugx5DvSLs_Z2cAc9dJJ4AaABAg,@Lankanlife,බදුල්ලේ නූගත් බඩ තඩියා.. මී වස්සා,0,1762905600,බදුල්ලේ නූගත් බඩ තඩියා මී වස්සා,Hate
3,UgzRKnMDjGyrMEecCAh4AaABAg,@shanthichandrika-v5p,Chamaraga.kathawa.watenwa.namuth.ma.boru.karaya.katha.appreyai.🥱🥱🤪🤪🤮🤪🤮🤮🤮,0,1762905600,chamaraga kathawa watenwa namuth ma boru karaya katha appreyai,Hate
3,UgyYwEi60wCfbUp70PR4AaABAg,@DinushaGunawardhana-s2k,Ubata tiyena ekama prsne samantha widyarathne,0,1762905600,ubata tiyena ekama prsne samantha widyarathne,Normal
3,UgzoyhPsti8NbzkyeM14AaABAg,@DinushaGunawardhana-s2k,Janathawage paththe edala😂😂😂😂😂😂😂.,0,1762905600,janathawage paththe edala,Normal
3,UgxwoiJlze_fVf6ZaWN4AaABAg,@SameeraSandaruwan-el3jv,Thpoi hadanna epei aurudu ganak mahindage gu kewe,0,1762905600,thpoi hadanna epei aurudu ganak mahindage gu kewe,Hate
3,UgxQeZSJtyMivueSz-x4AaABAg,@beetgroot8959,ලොකු ලොකු බලාපොරොත්තු නෑ වසන්ත සමරසිංහ හිරේ යනවා බලන්න ආසයි. 😊,3,1762905600,ලොකු ලොකු බලාපොරොත්තු නෑ වසන්ත සමරසිංහ හිරේ යනවා බලන්න ආසයි,Normal
3,Ugx2cHV9BFIWVE61gQF4AaABAg,@AmilaEresh-t1r,මුන් කවද්ද ජනතාව වෙනුවෙන් හිටියේ,3,1762905600,මුන් කවද්ද ජනතාව වෙනුවෙන් හිටියේ,Hate
3,UgxAaWA0MiHYqo6GXHR4AaABAg,@nimaljayasiri6065,මිනීමරපු උන්ගේ පච වලට තව මොනවා රෑවටෙන්නද .....ලපයා තරම් පචයෙක් දෑකලා තිබෙනවද...?,0,1762905600,මිනීමරපු උන්ගේ පච වලට තව මොනවා රෑවටෙන්නද ලපයා තරම් පචයෙක් දෑකලා තිබෙනවද,Hate
3,UgzNBIyxRb2EROmX0j14AaABAg,@w.m.nissankaweerakoon4887,"චමර සම්පත් මැතිතුමාට ගොඩාක් පින්...
අනුරාධපුර ජනතාව ගැන පාර්ලිමේන්තුවේ කථා කලාට...
ඇහුනමයි අනුරාධපුර ජනතාව ගැන කථා කරනවා",27,1762905600,චමර සම්පත් මැතිතුමාට ගොඩාක් පින් අනුරාධපුර ජනතාව ගැන පාර්ලිමේන්තුවේ කථා කලාට ඇහුනමයි අනුරාධපුර ජනතාව ගැන කථා කරනවා,Normal
3,Ugy9o_pJn4fsxtiLxXN4AaABAg,@PriyaArchchi,ඔයාත් තව ටික දවසකින් ජම්පරය අදින්න වෙන්නෙ ..,0,1762905600,ඔයාත් තව ටික දවසකින් ජම්පරය අදින්න වෙන්නෙ,Normal
3,Ugy4RUwQzQekMAWO9KZ4AaABAg,@KanishkaLakshan-ur2dt,සුජිව කියන්නේ මහනුවරින් ආවා කඩුවෙලට බනානා බෙදලා බයිලා ගහලා මාරු උනා බනානා සුජි නියම කෙනා තමයි සජි පුතාගේ හිරු පායන්නේ කවද්ද කියපල්ලා දන්න එකෙක් හිරුණිකා රනිල්ල්ල්ල්  කොහෙද ඉන්නේ හිරු ඔයා,0,1762905600,සුජිව කියන්නේ මහනුවරින් ආවා කඩුවෙලට බනානා බෙදලා බයිලා ගහලා මාරු උනා බනානා සුජි නියම කෙනා තමයි සජි පුතාගේ හිරු පායන්නේ කවද්ද කියපල්ලා දන්න එකෙක් හිරුණිකා රනිල්ල්ල්ල් කොහෙද ඉන්නේ හිරු ඔයා,Normal
3,UgxeCterYjxvMcMa9cN4AaABAg,@freedomis8551,Bosaa😂❤❤,0,1762905600,bosaa,Normal
3,Ugx87vzAbbv0mgiia-N4AaABAg,@RenukaSooriyaarachchi,Niyamai චාමර bado කතා nam කතා කියන්නේ මේවාට ne good   good,7,1762905600,niyamai චාමර bado කතා nam කතා කියන්නේ මේවාට ne good good,Normal
3,UgxH2FcyiXzRUxBs_zx4AaABAg,@sunimalfernando4402,Catacevat kiuanava edennama😂,0,1762905600,catacevat kiuanava edennama,Normal
3,Ugym_BJ4z6d2RXzLpmF4AaABAg,@Gaminikumara51,බල්ලෝ බුරති තවලම ඇදෙති,1,1762905600,බල්ලෝ බුරති තවලම ඇදෙති,Normal
3,Ugwfz6tLohiJl3mgCLR4AaABAg,@DisnaPrasangika,"සුපිරි චරිත 
චාමර සම්පත් දසනායක",37,1762905600,සුපිරි චරිත චාමර සම්පත් දසනායක,Normal
3,UgyZU6cS053QNk9MUvt4AaABAg,@idusararusith,Supiriyak ❤,1,1762905600,supiriyak,Hate
3,UgwF-MfBv9qmeLXrIzJ4AaABAg,@HindikaSuresh,ජයවේවා චාමර සමිපත් මැතිතූමා,20,1762905600,ජයවේවා චාමර සමිපත් මැතිතූමා,Normal
3,UgzedIkRAv-T0eDo7j54AaABAg,@shariqmirzaa,Pissa,0,1762905600,pissa,Normal
3,Ugxzscb9iqL_rT5pms94AaABAg,@MisbahMisbah-y2d,Chaamara  oyaa  niyameta denawa  bokken denawa  Machan. No talk rajaya.,4,1762905600,chaamara oyaa niyameta denawa bokken denawa machan no talk rajaya,Normal
3,UgxxGhP2kqLZypXlnrt4AaABAg,@WasanthaSamarawikrama-v9w4j,එක කතාවකට ගරුකරනව තාම අනුරාධපුරට දැනෙන වැඩක් කරල නැ අපි ජනතාව විදිහට ලොකු බලාපොරොතතු තියාගෙන බලාගෙන ඉන්නව කාලය වේගයෙන් ගෙවිල යනව  චාමර කියපුදේ හරි  වැඩිහරියක් මැතිඇමති වරුන්ගේ.බලප්‍රදේසය අපිත් ඉල්ලන්නේඉක්මනින් වැඩ පටන්ගන්න කල්මර මර ඉන්න එපා..,7,1762905600,එක කතාවකට ගරුකරනව තාම අනුරාධපුරට දැනෙන වැඩක් කරල නැ අපි ජනතාව විදිහට ලොකු බලාපොරොතතු තියාගෙන බලාගෙන ඉන්නව කාලය වේගයෙන් ගෙවිල යනව චාමර කියපුදේ හරි වැඩිහරියක් මැතිඇමති වරුන්ගේ බලප් රදේසය අපිත් ඉල්ලන්නේඉක්මනින් වැඩ පටන්ගන්න කල්මර මර ඉන්න එපා,Normal
3,UgxfJ55uE1ZI3p2CRmZ4AaABAg,@navodasandamini4789,ගොබ්බචාමරයා,0,1762905600,ගොබ්බචාමරයා,Normal
3,UgxLfElwZ1g1S94jGWN4AaABAg,@ChristopherSepion,චාමර ඉතින් කවදත් එළ,3,1762905600,චාමර ඉතින් කවදත් එළ,Normal
3,UgwYxIAKOJ7WUdU-mnN4AaABAg,@ChinthanaJayathilaka-wx9jb,පාට්ට චකිතයක්,0,1762905600,පාට්ට චකිතයක්,Normal
3,UgwMpRaZzez6N8X3v-l4AaABAg,@chandanimct3580,නියමයි නියමයි ❤❤❤❤❤❤❤❤❤❤❤❤❤ 😂😂😂😂😂😂😂😂😂,7,1762905600,නියමයි නියමයි,Normal
3,Ugx2zL9qAFyIwaXsd0N4AaABAg,@GayanKuamra,මාලිමාව සාපයක් 😬,9,1762905600,මාලිමාව සාපයක්,Hate
3,UgxCedWRzky2JjpYi754AaABAg,@ChinthanaJayathilaka-wx9jb,වසන්ත ඉවරයි අය ඕකට අනුරාධපුර ඡන්ද නැ. දන්න කෙනෙක්වත් දාන්න දෙන්නෙ නෑ,25,1762905600,වසන්ත ඉවරයි අය ඕකට අනුරාධපුර ඡන්ද නැ දන්න කෙනෙක්වත් දාන්න දෙන්නෙ නෑ,Hate
3,UgxBXn1X9tYWtg-YlA54AaABAg,@vijayanthiiddawela5240,ඔයා කොහොමත් බලුවැඩම තමයි කරන්නෙ....🤣🤣🤣🤣,0,1762905600,ඔයා කොහොමත් බලුවැඩම තමයි කරන්නෙ,Normal
3,UgytSZS5Whi6oVAJtfF4AaABAg,@PradeepPushpakumara-d5o6i,Supirima manussayek,0,1762905600,supirima manussayek,Normal
3,Ugy-qBGnUJBdnRK60fl4AaABAg,@damayanthinonis6942,බඩ kapa ගන්න වෙනවා අනිවාර්යෙන්,6,1762905600,බඩ kapa ගන්න වෙනවා අනිවාර්යෙන්,Normal
4,UgyrJbxv248haDxFCSl4AaABAg,@sadunsuranga9077,බලය හදල දීල තියෙනව අපි ජනතාව..  කොහොම කිව්වත් විශ්වාස කරන්න බෑ   සමහර නිළධාරීන් ඉන්නව ගේමක ගහගන්නම බලාගෙන.. නීතියක් හදල මේව වෙනස් වෙන්නම ඕන ස්ථිරවම,1,1764288000,බලය හදල දීල තියෙනව අපි ජනතාව කොහොම කිව්වත් විශ්වාස කරන්න බෑ සමහර නිළධාරීන් ඉන්නව ගේමක ගහගන්නම බලාගෙන නීතියක් හදල මේව වෙනස් වෙන්නම ඕන ස්ථිරවම,Normal
4,UgzAN5YWHzboMvRgF194AaABAg,@nalanihettiarachchi-d1y,Sangith kawadath  apae paththa,0,1764288000,sangith kawadath apae paththa,Normal
4,UgwupKgHGG6UQHvGw4V4AaABAg,@cloud7034,issara idnma asama charithayak Sangeeth Ayya 🥰,0,1764288000,issara idnma asama charithayak sangeeth ayya,Normal
4,UgxJnWLieoSfnqWKund4AaABAg,@emskekanayaka8594,❤❤❤නිවැරැදි නායකත්වය තුළින්....ජය ගැනීම .මෙ විදියට රටට ආදරය කරන විෂය පථය දැනුම හරවත් ලෙස සමිබන්ධ වීම ඇහුන් කමි දීම...හරිම වැදගත්..ආනාගත දරුවන් මෙ ආපරාද වලින් බෙරා ගැනීමට සහාය දෙමු ❤,20,1764288000,නිවැරැදි නායකත්වය තුළින් ජය ගැනීම මෙ විදියට රටට ආදරය කරන විෂය පථය දැනුම හරවත් ලෙස සමිබන්ධ වීම ඇහුන් කමි දීම හරිම වැදගත් ආනාගත දරුවන් මෙ ආපරාද වලින් බෙරා ගැනීමට සහාය දෙමු,Normal
4,UgwNPbrgndlTz8HmGox4AaABAg.APynWutvUUnAPz2oBXD-A4,@Unstoppable353,​@JanithaGanegala🤣👍 සිංහල ක්ලාස් එකකට පලයන් ඉස්සෙල්ලා,0,1764288000,janithaganegala සිංහල ක්ලාස් එකකට පලයන් ඉස්සෙල්ලා,Normal
4,UgxgYIsCwv3JOnVBfOV4AaABAg,@JanaminaSuwendra,නමසිය වීසී දාහතක් ලු ඇත්ත වශයෙන්ම කීයක්ද බං මේ,0,1764288000,නමසිය වීසී දාහතක් ලු ඇත්ත වශයෙන්ම කීයක්ද බං මේ,Normal
4,UgyNm7eUug7YgJhjHa54AaABAg,@HiranFernando-d5u,Aiyo police baila 😮,0,1764288000,aiyo police baila,Hate
4,UgyutYcuh9LrOLiEkO54AaABAg,@Mohamed_Akeel,"No Drugs 🚫
Free Srilanka🌟",0,1764288000,no drugs free srilanka,Normal
4,Ugw9sx0qi84pyL7UGYt4AaABAg,@mahidilush3144,❤❤akd,1,1764288000,akd,Normal
4,UgyFTba-ax9VrScY3el4AaABAg,@maheshwijew,සංගීත් කියන්නෙ අනුරලා 3% කාලෙ ඉඳලම හිටපු කෙනෙක් ❤🎉,0,1764288000,සංගීත් කියන්නෙ අනුරලා කාලෙ ඉඳලම හිටපු කෙනෙක්,Normal
4,UgyTDU41WpFW0yIqNfd4AaABAg,@chalith177,මෙහෙම කරන්න එපා බඩු හිඟ වුනාම අපි ගහන්නෙ මොනව ද,0,1764288000,මෙහෙම කරන්න එපා බඩු හිඟ වුනාම අපි ගහන්නෙ මොනව ද,Normal
4,Ugx2P2gDDjbqjWMHzqR4AaABAg,@SuduPutha-y7e,Maru❤,0,1764288000,maru,Normal
4,UgyNLFK-NwPRQL0vxgF4AaABAg,@sampremiergrassaus7362,"Hope this president and his team will create a drug free bright future for your child. Thanks Police, Navy and all other forces",0,1764288000,hope this president and his team will create a drug free bright future for your child thanks police navy and all other forces,Normal
4,UgyoMT8S3gC635nkKIt4AaABAg,@nilanthidompage9837,"සංගීත් කලාකරුවානෙනි ඔබ මීට කලිනුත් ඔය දේ කීවා මට මතකයි        ජනාධිපතිතුමනි නීති හදලා ඔය කියූ ආකාරයෙන් මත්කුඩු ද්‍රව්‍ය විනාශ කරන්න මිනිසුන්ට පේන්න.... අන්න එදාට මුළු රටේම මිනිසුන් සතුටු වෙනවා වගේම ජනාධිපතිතුමනි ඔබට  ගරු කරයි ඔබව ඉතාමත් හොඳින් විස්වාසය කරයි......
මේ කුඩු අයිස් වසංගතය මගේ රටින් අළු දූවිලි ලෙස විනාශ වේවා🙏🌷",1,1764288000,සංගීත් කලාකරුවානෙනි ඔබ මීට කලිනුත් ඔය දේ කීවා මට මතකයි ජනාධිපතිතුමනි නීති හදලා ඔය කියූ ආකාරයෙන් මත්කුඩු ද් රව් ය විනාශ කරන්න මිනිසුන්ට පේන්න අන්න එදාට මුළු රටේම මිනිසුන් සතුටු වෙනවා වගේම ජනාධිපතිතුමනි ඔබට ගරු කරයි ඔබව ඉතාමත් හොඳින් විස්වාසය කරයි මේ කුඩු අයිස් වසංගතය මගේ රටින් අළු දූවිලි ලෙස විනාශ වේවා,Normal
4,Ugzb_SfHUz8T8ue2Vt54AaABAg,@Pira.89,කාලයක් තිස්සෙ ප්‍රශ්ණයක් වෙලා තිබ්බ දෙයක් සංගීත් මහත්තයා හින්දා විසදෙන්නයි යන්නෙ. ජයවේවා,0,1764288000,කාලයක් තිස්සෙ ප් රශ්ණයක් වෙලා තිබ්බ දෙයක් සංගීත් මහත්තයා හින්දා විසදෙන්නයි යන්නෙ ජයවේවා,Normal
4,UgztMVS_8zMxVhNDEk94AaABAg,@MohamedRamlan-f2n,Nimal lansa & reno silva ( hiru tv) danduvam monavadha???,0,1764288000,nimal lansa reno silva hiru tv danduvam monavadha,Normal
4,Ugyeg1abBJiO2rPR__B4AaABAg,@rangachanaka8856,Good job 🎉.මත්ද්‍රව්‍ය වලට විතරක් නෙමෙයි හැම දේටම තද නීති ගේන්න ඕන.නීතිය අංක එක වෙන්න ඕන.එතකොට ඔය හොර වැඩ්ඩො කියල හිතන් ඉන්න ඔක්කොම ලඟ බුඳි,0,1764288000,good job මත්ද් රව් ය වලට විතරක් නෙමෙයි හැම දේටම තද නීති ගේන්න ඕන නීතිය අංක එක වෙන්න ඕන එතකොට ඔය හොර වැඩ්ඩො කියල හිතන් ඉන්න ඔක්කොම ලඟ බුඳි,Normal
4,UgxSbt5e5WaWoFjE_Wh4AaABAg.APxZwp9vyq-APxm3qd3tQM,@DushanthaBandara-t4d,​ @amilaabeysundara4631 පල ගිහිං නෑමොලයටයි පුතානෝටයි කියපං ගොං බයියා,0,1764288000,amilaabeysundara පල ගිහිං නෑමොලයටයි පුතානෝටයි කියපං ගොං බයියා,Hate
4,Ugyon9DyzU11b4fg_LF4AaABAg,@KcuKumara,Sangith aiye oya niyamai oya kiyana de wenne oni❤❤❤❤,0,1764288000,sangith aiye oya niyamai oya kiyana de wenne oni,Normal
4,Ugx3dzRW1L69FZkyh6Z4AaABAg,@samithalokubaranage5923,Police prakashakqge wachana 5kata sar sar kiyanava...hodatama wedie..😅😅😅,0,1764288000,police prakashakqge wachana kata sar sar kiyanava hodatama wedie,Normal
4,UgwEYwV1cBeWu0gRbSh4AaABAg,@ThisalIndrachapa-z3u,❤❤❤❤❤ honorable mr.president AKD❤❤❤,1,1764288000,honorable mr president akd,Normal
4,Ugw07rvlxWHsfqHNO5B4AaABAg,@shehandilshanka6492,ජය වේවා සංගිත් මාමේ❤,0,1764288000,ජය වේවා සංගිත් මාමේ,Normal
4,UgwoD0gc0iMJr0Kvh-p4AaABAg.APxePV8Ust3APyl-DYsc1f,@savithreesirisena4857,Agree,2,1764288000,agree,Normal
4,Ugylc5CJV2dkdpk4PVl4AaABAg,@dinushikaPiyarathna,අලුත් නීතිය ට එකගයි👍👍👍👍👍👍,0,1764288000,අලුත් නීතිය ට එකගයි,Normal
4,UgzilU-5XKv7XKNvQNd4AaABAg.APxXArcgHDlAPxemrZry-K,@anammanambukiyerasakatha6165,​ @tunesbro_official අනිවාර්යයෙන්ම,6,1764288000,tunesbro official අනිවාර්යයෙන්ම,Normal
4,UgzkEFqAkKfxhjzDKSh4AaABAg,@sakuraenterprises593,AKD best ❤❤❤,0,1764288000,akd best,Normal
4,UgyLbh2loVZwHCO_F1J4AaABAg,@DileepaRasanjana,සංගීත් සුපිරි .අහිංසක අම්මලත් අහන්නේ ඔය ගැන ඔවට මොකද වෙන්නේ කියන එක❤❤,0,1764288000,සංගීත් සුපිරි අහිංසක අම්මලත් අහන්නේ ඔය ගැන ඔවට මොකද වෙන්නේ කියන එක,Normal
4,Ugym33jibs2veQpq6-N4AaABAg,@AnuMadu-l2s,දැඩ් දඩුවම් ගේන්න නීති හදන්න ඕන.ඊයේ හිරේ දාපු එකා හෙට නිදහස් අයෙත්  ඇව්ත් ඊට වඩා කුඩු ගහනවා විකුණනවා,0,1764288000,දැඩ් දඩුවම් ගේන්න නීති හදන්න ඕන ඊයේ හිරේ දාපු එකා හෙට නිදහස් අයෙත් ඇව්ත් ඊට වඩා කුඩු ගහනවා විකුණනවා,Normal
4,UgyqAQ5KvdSJ4OS3rzF4AaABAg,@SSalaruuu-zs5ni,sangeth❤❤❤,0,1764288000,sangeth,Normal
4,UgxnTwfTkBLsw7QvtBd4AaABAg,@nilanthifernando2168,සංගිත් අයියාට ස්තූතියි.👍❤️,123,1764288000,සංගිත් අයියාට ස්තූතියි,Normal
4,UgzSsMxMu2DBm9HbvpR4AaABAg,@taniyagunarathna2714,"Why until march, please do it within  in two weeks",0,1764288000,why until march please do it within in two weeks,Normal
4,UgyDwo78_VRESii1lFl4AaABAg,@NudithaMihiran25,කුඩු නැතිකරන්න ඕනෙමයි.,0,1764288000,කුඩු නැතිකරන්න ඕනෙමයි,Normal
4,Ugz69i9KX2kpPbWBCPx4AaABAg,@ChamiHearth,පාට පක්ෂ පැත්තකට දාලා මේ වීනාශය ඉක්මනින් මේ රටින් තූරන් කරන්නට ඔබලාට ශක්තිය ලැබේවා.ලංකාවේ ගොඩක් අම්මාවරුන් මේ ප්‍රශ්නය නීසා ගොඩක් දූක් වීදීනවා.,18,1764288000,පාට පක්ෂ පැත්තකට දාලා මේ වීනාශය ඉක්මනින් මේ රටින් තූරන් කරන්නට ඔබලාට ශක්තිය ලැබේවා ලංකාවේ ගොඩක් අම්මාවරුන් මේ ප් රශ්නය නීසා ගොඩක් දූක් වීදීනවා,Normal
4,UgxfP4zu0lA_69d4l_h4AaABAg,@SandunpriyanthaSiriwardhana,Balapan yako me vage kathavak hari eka ජනාධිපති kenek me taak kal bihivela tiyeida...sangeeth ayye onna oya karana vede hari..lagama idala hodama de karanna api oyat ekka..,0,1764288000,balapan yako me vage kathavak hari eka ජනාධිපති kenek me taak kal bihivela tiyeida sangeeth ayye onna oya karana vede hari lagama idala hodama de karanna api oyat ekka,Normal
4,UgyH1m3jkqPWpPcetDl4AaABAg,@DeliciousSLIndia,සුදුසුම පුද්ගලයන්ගෙන් අදහස් ගන්නෙ නියමයි❤ජනපති තුමන්  සංගීත් මැතිතුමා ඇතුලු සහභාගී වූ  සියල්ලන්ට උත්තමාචාරය❤,3,1764288000,සුදුසුම පුද්ගලයන්ගෙන් අදහස් ගන්නෙ නියමයිජනපති තුමන් සංගීත් මැතිතුමා ඇතුලු සහභාගී වූ සියල්ලන්ට උත්තමාචාරය,Normal
4,Ugzn7MyUyDR-EwRNA2B4AaABAg,@sarathranige8782,Mea ghanu kenaa nitharama balannea meaka passa gahanna.eagana sakayak pawathei,0,1764288000,mea ghanu kenaa nitharama balannea meaka passa gahanna eagana sakayak pawathei,Normal
4,UgzD3jzvIaOpB6DmUE54AaABAg,@pradeepsing8540,Akd❤,0,1764288000,akd,Normal
4,UgxEFzH82eSx7jUfunR4AaABAg,@manelamarasekara5929,ජනාධිපතිතුමන්ට  තෙරැවන් සරනයි  🙏👍🌷❤,1,1764288000,ජනාධිපතිතුමන්ට තෙරැවන් සරනයි,Normal
4,UgxNWUavtkVIF05kcaJ4AaABAg,@chinthakasuranga9878,"කලින් මේ වගේ තැන් වල වාඩිවෙලා හිටියෙ මොක්කුද කියල හිතෙනවා ,😂😂😂😂

අපේ ජනාධිපති තුමාට බුදුසරණයි",0,1764288000,කලින් මේ වගේ තැන් වල වාඩිවෙලා හිටියෙ මොක්කුද කියල හිතෙනවා අපේ ජනාධිපති තුමාට බුදුසරණයි,Normal
4,Ugzqgc6Hc9kQ_RexmAp4AaABAg,@champlenad7119,"yes sir no sir 
He must be loving it though he laughed at it earlier 😂",0,1764288000,yes sir no sir he must be loving it though he laughed at it earlier,Normal
4,UgwFPpXRmZAEN2L81nd4AaABAg,@udanigunarathne6693,Attatama Sangeeth qa de sambandawa wadienn hithann ona  Police qa stats ahagena innakot… me meeting eke full coverage eka Samanya minissuntat dakagann labenawanm hondai kiala hithenawa…,3,1764288000,attatama sangeeth qa de sambandawa wadienn hithann ona police qa stats ahagena innakot me meeting eke full coverage eka samanya minissuntat dakagann labenawanm hondai kiala hithenawa,Normal
4,UgxBeiaQ4xQpSQiWvbN4AaABAg,@dharshanakumara952,Rasa parikshaka anith hora,0,1764288000,rasa parikshaka anith hora,Hate
4,Ugy84SwZplkfO0hMZR14AaABAg,@KaushalyaGamage-p6u,කාන්තා හිංසනය වළක්වන්න නීතී හදන්න.... බස් එකක්වත් යන්න බෑ අපේ රටේ කාන්තාවට,0,1764288000,කාන්තා හිංසනය වළක්වන්න නීතී හදන්න බස් එකක්වත් යන්න බෑ අපේ රටේ කාන්තාවට,Normal
4,Ugyoy9gi4EoWmITsGNh4AaABAg,@MahindaGunawardhana-f5z,ජනපතිතුමනි.මුන්ට.නිකන්.කන්නදෙන්න.එපා.වගාකරන්න.දාන්න.එතකොට.රටත්.ගොඩ.ලබන.චන්දය.නිකන්.ඔබමයි..ජනපති,0,1764288000,ජනපතිතුමනි මුන්ට නිකන් කන්නදෙන්න එපා වගාකරන්න දාන්න එතකොට රටත් ගොඩ ලබන චන්දය නිකන් ඔබමයි ජනපති,Normal
4,Ugw93poPhSXPEeljjJ14AaABAg,@RenukaPerera-n2u,❤ adarai janadipathi thumani sageet obawani Aya ma ratata watinawa ma ratin ma wasangatha mati karanna oba thumata pin dirga kalayak wajanawa god bless you sir,0,1764288000,adarai janadipathi thumani sageet obawani aya ma ratata watinawa ma ratin ma wasangatha mati karanna oba thumata pin dirga kalayak wajanawa god bless you sir,Normal
4,UgwGJOpTT5RarqKgQTF4AaABAg,@Chandanapradeep-h8k,ඔබ හැමොටම නිවනට යන්න මේ‍ පිනම ඇති කොහොම හරි කරන්න බුදු සරණයි 🙏,0,1764288000,ඔබ හැමොටම නිවනට යන්න මේ පිනම ඇති කොහොම හරි කරන්න බුදු සරණයි,Normal
4,UgxqshyIc5dIGV_R9614AaABAg,@mahengodamunna2510,"ඇත්තටම මාර සතුටක් දැනෙනවා මේ වගේ වැදගත්, බුද්දිමත් මනුස්සයෙක් අපේ රටේ පාලකයා උන එක ❤️❤️",316,1764288000,ඇත්තටම මාර සතුටක් දැනෙනවා මේ වගේ වැදගත් බුද්දිමත් මනුස්සයෙක් අපේ රටේ පාලකයා උන එක,Normal
4,Ugz7uR6yaDR0VwMyFpt4AaABAg,@nilanthifernando2168,ගෙදර ඉන්න මිනිහා කූඩු අයිස්  වලට  ඇබ්බයි වෙලා පවුල් විනාස වෙලා.ගැහැනු රට ගිහිල්ලා.ලමයි අනතවෙලා.ජනපතිතූමේණි. හැකි ඉක්මනින් කියාමර්ග ගන්න.ස්තූතියි.,0,1764288000,ගෙදර ඉන්න මිනිහා කූඩු අයිස් වලට ඇබ්බයි වෙලා පවුල් විනාස වෙලා ගැහැනු රට ගිහිල්ලා ලමයි අනතවෙලා ජනපතිතූමේණි හැකි ඉක්මනින් කියාමර්ග ගන්න ස්තූතියි,Normal
4,Ugx-lJd2wkD9KzFAghp4AaABAg,@Pushpaathapaththu-o4y,Respect  sangith,0,1764288000,respect sangith,Normal
4,UgxlxAH0jC9tQmj3eCV4AaABAg,@taniyagunarathna2714,"Excellent idea ,  this should be implemented  as early as possible .",0,1764288000,excellent idea this should be implemented as early as possible,Normal
4,UgxSbt5e5WaWoFjE_Wh4AaABAg.APxZwp9vyq-APye-23qOsY,@hkmainzz,True ❤,1,1764288000,TRUE,Normal
4,UgxjONxITLwVflCCECd4AaABAg,@Amazonworld2050,අශිෂ්ටත්වය ලෙයින් යකඩයින් හෝ අවසන් කල යුතුයි...,1,1764288000,අශිෂ්ටත්වය ලෙයින් යකඩයින් හෝ අවසන් කල යුතුයි,Normal
4,UgzGoaQoIqAh9ke-GRZ4AaABAg,@LuxmanFernando-b2w,"ගොඩක් සතුටුයි .මේ වගේ සැමදෙනාම හොදවැඩ වලට එකතුවෙලා , රට ගිනිතියන්න එකතුවෙන කාලකන්නිගෙන් ඈත්වෙමු . සුන්දර රට ලස්සන  කරමු .❤❤❤❤❤❤❤",1,1764288000,ගොඩක් සතුටුයි මේ වගේ සැමදෙනාම හොදවැඩ වලට එකතුවෙලා රට ගිනිතියන්න එකතුවෙන කාලකන්නිගෙන් ඈත්වෙමු සුන්දර රට ලස්සන කරමු,Normal
4,UgzgTRgHeiC67hTgRpx4AaABAg,@gunaratnmbalahubrmainm29,මෙන්න ජනාධිපති කියන්නේ. බයියෝ කොහේද අපේ ජනාධිපති කෙනේද..🙏🙏🙏🙏🙏🙏 මාලිමාවට ජයවේවා.,3,1764288000,මෙන්න ජනාධිපති කියන්නේ බයියෝ කොහේද අපේ ජනාධිපති කෙනේද මාලිමාවට ජයවේවා,Normal
4,UgyuR-JSjya9ju8gHF54AaABAg,@risinimarasinghe3016,Well done Anura Sahodaraya….❤❤❤❤,0,1764288000,well done anura sahodaraya,Normal
4,UgwQ5XxiRNGoexaZe0d4AaABAg.APxYPYDPXN9APxbIL05KxT,@Mr.medagama,😂 eeka hadanna beha bn,0,1764288000,eeka hadanna beha bn,Normal
4,UgxQQPjRYaRCSkb0wlF4AaABAg,@Batugahagenisansala,ජනාධිපති thuma obata pin❤❤❤,0,1764288000,ජනාධිපති thuma obata pin,Normal
4,Ugz2Dro4nvlOZo4fsfN4AaABAg,@KumariSamarakoon-v2s,පුදුම සතුටක් දැනෙන්නේ හිතට.. අපේ දරුවො ගැන දැන්නම් බලාපොරොත්වක් තියා ගන්න පුලුවන්.. මේ දේවල් වලට ඇබ්බැහි වෙලා ඉන්න සියලූම දෙනා ඉක්මනින් මුදවා ගන්න ජනාධිපති තුමෙනි...❤❤,0,1764288000,පුදුම සතුටක් දැනෙන්නේ හිතට අපේ දරුවො ගැන දැන්නම් බලාපොරොත්වක් තියා ගන්න පුලුවන් මේ දේවල් වලට ඇබ්බැහි වෙලා ඉන්න සියලූම දෙනා ඉක්මනින් මුදවා ගන්න ජනාධිපති තුමෙනි,Normal
4,UgxLaPEeYLCBOa37ZyJ4AaABAg,@tissamarasinghe8122,ඕව ඉතින් තමන්ගෙ කට්ටියගෙ බඩුනෙ ඕව ජනතාවට පෙන්නල ආපහු අයිති කාරයින්ට දෙනව ඒක තමයි තමන්ගෙ දේශපාලනයටත් හොදයි අයිතිකාරයින්ට ආපහු දුන්නම සල්ලිත් හම්බවෙනව ඒව දේශපාලනය කරන මිනිස්සුන්ගෙ සාක්කුවට තමයි. මේ ක්‍රියාවලිය නිකන් වෙළඳ දැන්වීම් වාගෙ තමයි. මොන තරම් වැටවල් බැන්දත් වෙළඳ පොලේ බඩු ඕනෑ තරම් තියෙනව. බුදුදහම අනුව ජීවත් වීමට පුරුදු වුනොත් අපිට මත්ද්‍රව්‍ය අනවශ්‍යයි. ඒත් මේ පාදඩයො බුදුදහමත් විනාශ කරනව.,0,1764288000,ඕව ඉතින් තමන්ගෙ කට්ටියගෙ බඩුනෙ ඕව ජනතාවට පෙන්නල ආපහු අයිති කාරයින්ට දෙනව ඒක තමයි තමන්ගෙ දේශපාලනයටත් හොදයි අයිතිකාරයින්ට ආපහු දුන්නම සල්ලිත් හම්බවෙනව ඒව දේශපාලනය කරන මිනිස්සුන්ගෙ සාක්කුවට තමයි මේ ක් රියාවලිය නිකන් වෙළඳ දැන්වීම් වාගෙ තමයි මොන තරම් වැටවල් බැන්දත් වෙළඳ පොලේ බඩු ඕනෑ තරම් තියෙනව බුදුදහම අනුව ජීවත් වීමට පුරුදු වුනොත් අපිට මත්ද් රව් ය අනවශ් යයි ඒත් මේ පාදඩයො බුදුදහමත් විනාශ කරනව,Normal
4,UgxMsBjNch60ahZ96hR4AaABAg,@priyankaramarasinghe1146,Can’t you increase the number of government analysts please?,0,1764288000,can t you increase the number of government analysts please,Normal
4,UgwRK3OARefmLrP7_Xx4AaABAg,@දිලංකOnly,වැඩේ සුපිරි 👍දැන් ඔය වටලපු ඒවා තියාගන්න තැනක් නැත්තම් අපේ ගෙදර උනත් තියන්න පුළුවන් 🤭හපෝ ඕනි තරම් ඉඩ තියෙනවා 😂,0,1764460800,වැඩේ සුපිරි දැන් ඔය වටලපු ඒවා තියාගන්න තැනක් නැත්තම් අපේ ගෙදර උනත් තියන්න පුළුවන් හපෝ ඕනි තරම් ඉඩ තියෙනවා,Normal
4,UgyQV3NAJAHReSWxxCV4AaABAg,@SrimalChandana-c6p,මොනා කලත් වැඩක් නැ  පාසල් පද්දති යට මත් නිවාරනය ගේන්න ඕන,0,1764288000,මොනා කලත් වැඩක් නැ පාසල් පද්දති යට මත් නිවාරනය ගේන්න ඕන,Normal
4,UgyOdcd-ZRRwCEnkCWt4AaABAg,@chalanasukith6923,සූස්තියක් ගහන ගමන් මෙක බලන මං 😊😊😊😊,0,1764288000,සූස්තියක් ගහන ගමන් මෙක බලන මං,Normal
4,UgzaSZinTj0wqVv-ViV4AaABAg,@pradeeppallawattha598,Thanks සිරස,0,1764288000,thanks සිරස,Normal
4,UgwDz64JHk_xvle38oV4AaABAg,@iamthebest2040,We are so lucky to have this government ❤❤🇨🇦🇨🇦🇨🇦,1,1764288000,we are so lucky to have this government,Normal
4,Ugz0yen-zRuWxNN1kAt4AaABAg.APxa9oJm5m4APzcSuNUSEW,@deepajayalath,​ @ChamodSewmina-u8w හොරා කාපු එව්න් හොරැන්ට තමයි කඩේ යන්නේ.....,0,1764288000,chamodsewmina u w හොරා කාපු එව්න් හොරැන්ට තමයි කඩේ යන්නේ,Hate
4,UgyNPqEuPj0EFfNnWdp4AaABAg.APxaIaRXp8nAPxw9mU-jfD,@Badeedizz, @oppo2025-d8g උබ ගහපන් තේ.. පලයන් අහකට මෝඩයා.. 😂,0,1764288000,oppo d g උබ ගහපන් තේ පලයන් අහකට මෝඩයා,Hate
4,UgyXX8Y9GTzQ948gh4t4AaABAg,@kokilamalshan7626,නියමයි සංගීත් අයියේ ඔයා වගේ මිනිස්සු මේ රටේ තව තවත් ඉපදෙන්න ඕනේ❤ආදරෙයි,3,1764288000,නියමයි සංගීත් අයියේ ඔයා වගේ මිනිස්සු මේ රටේ තව තවත් ඉපදෙන්න ඕනේආදරෙයි,Normal
4,UgxSbt5e5WaWoFjE_Wh4AaABAg.APxZwp9vyq-APybjEm-pRL,@AvishkaDulan-t8i,​ @amilaabeysundara4631 menna kuddek Badu nethuwa sic eka hadila dagalanawa,0,1764288000,amilaabeysundara menna kuddek badu nethuwa sic eka hadila dagalanawa,Hate
4,Ugzi1qEBwdbrIcoFq5B4AaABAg,@plz_im_kindly_request,"මෙහෙම තර්ක කරන්න පුළුවන් මොලයක් ජනාදිපති උනාමයි❤❤❤❤ 
Respect ♥️✨️  මරු 💪💪",0,1764288000,මෙහෙම තර්ක කරන්න පුළුවන් මොලයක් ජනාදිපති උනාමයි respect මරු,Normal
4,UgwbVrOQBz3nLIXPcVd4AaABAg,@anammanambukiyerasakatha6165,සල්ලිකාර දෙමාපියන්ගේ දරුවෝ අහු වෙන්නේ නෑ උන් ගෙදර ඉඳලම ගන්නවා දැන් 😢😢,1,1764288000,සල්ලිකාර දෙමාපියන්ගේ දරුවෝ අහු වෙන්නේ නෑ උන් ගෙදර ඉඳලම ගන්නවා දැන්,Hate
4,UgzQ1im5eH53LPH6bTJ4AaABAg,@hewawarawitageupaliamarasi8498,අනුර එල්ලුම් ගහ ගෙනෝම් පකෝ,0,1764288000,අනුර එල්ලුම් ගහ ගෙනෝම් පකෝ,Hate
4,UgzDvKASsvFfo31EwuV4AaABAg,@SewwandiKaushalya-bl6nw,මෙන්න මිනිස්සු❤️,0,1764288000,මෙන්න මිනිස්සු,Normal
4,UgzrxgZZ2mym5WHgMKp4AaABAg,@sandayakumudini402,උසාවි වල අවුරුදු ගනන් නඩු කල් දන්නේ නැතිව ඉක්මනින් සාක්කි එක් රැස් කරලා  විසදක ක්‍රමයක් හදන්න. සමහර නඩු  ඉවර වේනකොට සමහර අය මිය ගිහින්.,0,1764288000,උසාවි වල අවුරුදු ගනන් නඩු කල් දන්නේ නැතිව ඉක්මනින් සාක්කි එක් රැස් කරලා විසදක ක් රමයක් හදන්න සමහර නඩු ඉවර වේනකොට සමහර අය මිය ගිහින්,Normal
4,UgzHEB7pc4taP6xIaiV4AaABAg,@VishakaThero,"Ranbandage putha,,,,tamai ,,, AKD rata hadanna oba tumata shaktiya lebewa",0,1764288000,ranbandage putha tamai akd rata hadanna oba tumata shaktiya lebewa,Normal
4,UgwpgZWP3laK5VS1oeR4AaABAg,@PasinduMinsara-e6s,Sirasha great❤❤❤❤,2,1764288000,sirasha great,Normal
4,Ugx_O-sXyWCKaUi5Jdl4AaABAg,@Dusman-nalin,full video URL please ?,1,1764288000,full video url please,Normal
4,UgymaVh1e9Hmd2qZzPx4AaABAg,@hewawarawitageupaliamarasi8498,අනුර තොගෙ බයිලා එපා.,0,1764288000,අනුර තොගෙ බයිලා එපා,Hate
4,UgxhfwT5jsh3dbil2dR4AaABAg,@chamindapushpakumara7441,Sir  කියලා බයයි වගේද කියලා,0,1764288000,sir කියලා බයයි වගේද කියලා,Normal
4,Ugz8p9ZTYR-ef7Cs50h4AaABAg,@GamingBNL0.1,මේවා හිරු එකේ යන්නේ නෑනේ😂😂,0,1764288000,මේවා හිරු එකේ යන්නේ නෑනේ,Normal
4,UgzQUDIoUa9ACA7qK-F4AaABAg,@hmushantha,"ජනාධිපති  තුමාගේ උපමාවා නියමයි "" මැරුන කෙනාගේ බොඩි එක තියා ගන්නේ නෑ "" ඔබතුමාගේ බුද්ධියට අපගේ ප්‍රනාමය",91,1764288000,ජනාධිපති තුමාගේ උපමාවා නියමයි මැරුන කෙනාගේ බොඩි එක තියා ගන්නේ නෑ ඔබතුමාගේ බුද්ධියට අපගේ ප් රනාමය,Normal
4,UgyJDXIb08IKTZNtsn14AaABAg,@skg9581,OYA INNE APE SAHOOOO!!! SIR NEWAI..AKD❤❤❤,0,1764288000,oya inne ape saho sir newai akd,Normal
4,UgwFzG0-EoYQfPr9sg94AaABAg,@truth-d4,"ලසන්ත බණ්ඩාර යු ටියුබ් නාලිකාව--මුළු ලොවම බේරාගන්නා ලක් භුමියේ ගෞතම බුදු රජුන්ගෙන් නියත විවරණ ලත් නියම සිංහල බෞද්ධ නායකයකුගේ පුනරාගමනය 
මේ උතුම් මිනිසා මහා බෝසතාණන් වහන්සේ නමකි.මිනිස්සු එයාට තමයි දියසෙන් කියන්නේ. රාවණ කියන්නේ. එම පුද්ගලයාගේ අවශ්‍යතාවය ජනතාව තේරුම් ගන්නේ නැහැ. ජනතාව මුලාව පිටිපස්සේ යනවා. ස්වභාව ධර්මය ඔහු පත් කරලා ඉවරයි. ස්වභාවධර්මය හැමවෙලේම යම්කිසි දෙයක් තීරණය කරන්නේ ස්වභාව ධර්මයේම රැකවරණය හා අභිවෘද්ධි පිනිස. එතකොට ස්වභාව ධර්මයේ අභිවෘද්ධිය පිනිස ස්වභාවධර්මය විසින් සකසන මිනිසෙකුට මාර්ගය ඇහිරෙනවා කියලා කියන්නේ ඒකට අදාළව කර්ම ඵලයක් අපිට පල දෙනවා. රථ වාහන අනතුරු, ගුවන් අනතුරු, සූර්ය කුණාටු, මුහුද රළ වැඩි වෙන්නේ, හුළං වැඩි වෙන්නේ, භූමිකම්පා ඇතිවෙන්නේ, සාගත, වසංගත, ලෝක යුද්ධ ඇතිවෙන්නේ (ස්වභාව ධර්මයට අවනත නොවන නිසා මිනිසුන් රැකීමට නොපෙනෙන තලයේ සිටින සම්‍යක් දෘෂ්ටික සේනාවන් පාලනයක් සහිතව අතහරින කොට මාර සේනාවන්  විනාශය ගේනවා) ස්වභාව ධර්මයේ (බුද්ධ ශක්තියේ) පූර්ණ අහිර්වාදය හිමි එතුමාට බුදු සසුන රැකීම පිනිස අවස්ථාව නොදෙන නිසා. එතුමාට අපෙන් ගත යුත්තක් නැත. ගත යුත්ත පවතින්නේ අපට එතුමගෙනි. මහා බෝසත්වරු යනු බුද්ධ ශාසනයක් විනාශ වනතුරු බලා සිටින අය නොවේ. ඔහුට ඒ අවස්ථාව නොලැබෙන තාක් කල් මේ රටේ කිසිම පැත්තකින් සංවර්ධන මාවතට ගේන්න බෑ එංගලන්තයේට වුවමනාව තිබුනා එදත් අපේ රට කඩන්න එහෙම දෙකට බෙදූවෙ නැත්තං ඔවුන්ට ඔවුන්ගේ පරිපාලනය මේ රට තුළ පවත්වාගන්න බෑ දේශපාලන ගැන තීන්දු ගන්නේ යූඑන් එක වගේ පාලනය වෙන ලෝක රටවල් හතක් විසින් එතකොට ඒ රටවල් හතේ තියෙන ව්‍යාපාර ටික කරන්න අර කට්ටියට කිසි ගැටලුවක් නෑ අවශ්‍ය අවසරය තියෙනවා මේ ඔක්කොම දේශපාලන තිර පිටපත් විදේශ සංවිධාන කරන්නේ බුදු දහම සහ සිංහලයා විනාශ කරමින් මේ රටේ සම්පත් කොල්ල කන්න ඒ සඳහා ඔවුන් නිර්මාණය කරපු තාක්ෂණය, වස විෂ, මත් ද්‍රව්‍ය, පාතාලය වගේ පිළිල ඔඩු දුවල ඉවරයි බුදුන් ප්‍රමුක මහා සංඝ රත්නයට පිදු මේ පින් බිමේ පංච දුශ්චරිතයට ලයිසන් දීල ඉවරයි ඒ සඳහා ඔවුන් ඔවුන්ට ගැති ධනයට හා බලයට කෑදර පාලකයන්, රාජ්‍ය හා පෞද්ගලික නිලදාරීන්, හාමුදුරුවරු, එන් ජී ඕ කාරයන් පිරිසක් ඇතිකොට රටවල් වල සම්පත් සූරා කමින් ජනතාව වස විෂ සහිත ජලය,අහාර හා වාතය, බෙහෙත් හරහා සදාකාලික රෝගීන් පිරිසක් බවට පත්කරමින් 2050 වන විට ලෝකයේ ජනගහනය 60% කින් අඩු කිරීමේ ඉලක්කයට යමින් සිටියි මේ සියල්ල ගමන් කිරීම තුළ සිදුවෙන්නේ 2027 යුද්ධයක් විතරයි ඒ යටතේ තමා අපේ රත්තරන් සංචිත නැති කරේ, බුද්ධි අංශ දුර්වල කලේ, ඩොලර් සංචිත නැති කරේ, සාලාව අවි ගබඩා විනාශ කලේ, පුරා විද්‍යා සාක්ෂි හා පුරා විද්‍යා ස්ථාන විනාශ කරන්නේ, හමුදාවේ පිරිස් අඩු කරන්න යන්නේ, මර්ධනය සඳහා පොලීසියේ පිරිස් වැඩි කරන්නේ 2027 දි කොහොමත් යුද්ධය ආරම්භ වෙනවා. හැබැයි 2031 වෙද්දි යුද්ධය තීවුර වෙනවා මේ වෙද්දී සිංහලයට විරුද්ධව සටන් කරන්න පුළුවන් ව්ශේෂ හමුදාවක් හදනවා අසල්වැසි බලවත් රජයකින් ඒ රට තුල. ඔවුන්ට මේ රටට ඒමට අවශ්‍ය නීතිමය වපසරිය හා නිවාස පවා සැදීමට ප්‍රතිපාදන වෙන් කරලා ඉවරයි. ත්‍රස්ත වාදය පෝෂණය කිරීමට අවශ්‍ය අවි ආයුධ ගෙන්නලා ඉවරයි. ඒවෙනකොට මේකට මුහුණ දෙන්න සිංහලයට ඩොලර්ස් නෑ, රුපියල් නෑ, තෙල්නෑ, කන්න ආහාර නෑ, බොන්න බෙහෙත් නෑ, යන්න එන්න විදිහක් නෑ, ආයුධ, බුලට්ස් මොනවත් නෑ. මේ වෙලාවේදී අර කලින් කියපු 10000 ක විශේෂ බලඝනය ලංකාවට පැමිණෙනවා. සිංහලයට සිදු වන්නේ හිත හදාගෙන තැන් තැන් වල මැරී වැටෙන්න. මේ ලෝකයම රැකගෙන සිටින්නේ ධාතුන් වහන්සේලා විසිනි. ඒ ධාතූන් වහන්සේලා නිසා දෙවිවරු මේ ලෝකය ආරක්ෂාකරයි. ඒ ධාතූන් වහන්සේලාගේ නායකත්වය දරන්නේ දළදා වහන්සේයි. එනම් මුලුලෝකයටම එනම් දේවතල භ්‍රහ්ම තල ඇතුලත්ව නායකත්වය දාරා සිටින්නේ දළදා වහන්සේයි. මේ ධාතුන් වහන්සේලාගේ ශක්ති කයට ඕනැම මොහොතක ඉතා වේගයෙන් මුලුලෝකයේ ඕනැම තැනකට ලඟා වීමටත් අවශ්‍ය තාවය අනුව ධාතූන් වහන්සේලා අතර ශක්ති සම්ප්‍රේෂනයත් සිදුකරනු ලබයි. දරුණු අසුර ආක්‍රමනයන් පාලනය කර ලෝකය ආරක්ෂා කරන එනම් මුලු ලෝකයේම යහ පැවැත්ම ( බුදුකෙනෙක්, මහා රාවන කෙනෙක් පහල වනතුරු) සිදුකරනුයේ ධාතූන් වහන්සේලා විසිනි. නමුත් යම් අවස්ථාවක මේ ධාතූන් වහන්සේලාට පාලනය කල නොහැකි මට්ටම අසුර ප්‍රස්නය පැමිනෙන අවස්ථාවක් පවතී. ඒ අවස්ථාවේදී මුලු ස්වභාදහමම එකතු වී මහා රාවන කෙනෙක් මුලු සක්වල ලක්ෂයටම අදාලව පහල කරනු ලබයි",1,1764288000,ලසන්ත බණ්ඩාර යු ටියුබ් නාලිකාව මුළු ලොවම බේරාගන්නා ලක් භුමියේ ගෞතම බුදු රජුන්ගෙන් නියත විවරණ ලත් නියම සිංහල බෞද්ධ නායකයකුගේ පුනරාගමනය මේ උතුම් මිනිසා මහා බෝසතාණන් වහන්සේ නමකි මිනිස්සු එයාට තමයි දියසෙන් කියන්නේ රාවණ කියන්නේ එම පුද්ගලයාගේ අවශ් යතාවය ජනතාව තේරුම් ගන්නේ නැහැ ජනතාව මුලාව පිටිපස්සේ යනවා ස්වභාව ධර්මය ඔහු පත් කරලා ඉවරයි ස්වභාවධර්මය හැමවෙලේම යම්කිසි දෙයක් තීරණය කරන්නේ ස්වභාව ධර්මයේම රැකවරණය හා අභිවෘද්ධි පිනිස එතකොට ස්වභාව ධර්මයේ අභිවෘද්ධිය පිනිස ස්වභාවධර්මය විසින් සකසන මිනිසෙකුට මාර්ගය ඇහිරෙනවා කියලා කියන්නේ ඒකට අදාළව කර්ම ඵලයක් අපිට පල දෙනවා රථ වාහන අනතුරු ගුවන් අනතුරු සූර්ය කුණාටු මුහුද රළ වැඩි වෙන්නේ හුළං වැඩි වෙන්නේ භූමිකම්පා ඇතිවෙන්නේ සාගත වසංගත ලෝක යුද්ධ ඇතිවෙන්නේ ස්වභාව ධර්මයට අවනත නොවන නිසා මිනිසුන් රැකීමට නොපෙනෙන තලයේ සිටින සම් යක් දෘෂ්ටික සේනාවන් පාලනයක් සහිතව අතහරින කොට මාර සේනාවන් විනාශය ගේනවා ස්වභාව ධර්මයේ බුද්ධ ශක්තියේ පූර්ණ අහිර්වාදය හිමි එතුමාට බුදු සසුන රැකීම පිනිස අවස්ථාව නොදෙන නිසා එතුමාට අපෙන් ගත යුත්තක් නැත ගත යුත්ත පවතින්නේ අපට එතුමගෙනි මහා බෝසත්වරු යනු බුද්ධ ශාසනයක් විනාශ වනතුරු බලා සිටින අය නොවේ ඔහුට ඒ අවස්ථාව නොලැබෙන තාක් කල් මේ රටේ කිසිම පැත්තකින් සංවර්ධන මාවතට ගේන්න බෑ එංගලන්තයේට වුවමනාව තිබුනා එදත් අපේ රට කඩන්න එහෙම දෙකට බෙදූවෙ නැත්තං ඔවුන්ට ඔවුන්ගේ පරිපාලනය මේ රට තුළ පවත්වාගන්න බෑ දේශපාලන ගැන තීන්දු ගන්නේ යූඑන් එක වගේ පාලනය වෙන ලෝක රටවල් හතක් විසින් එතකොට ඒ රටවල් හතේ තියෙන ව් යාපාර ටික කරන්න අර කට්ටියට කිසි ගැටලුවක් නෑ අවශ් ය අවසරය තියෙනවා මේ ඔක්කොම දේශපාලන තිර පිටපත් විදේශ සංවිධාන කරන්නේ බුදු දහම සහ සිංහලයා විනාශ කරමින් මේ රටේ සම්පත් කොල්ල කන්න ඒ සඳහා ඔවුන් නිර්මාණය කරපු තාක්ෂණය වස විෂ මත් ද් රව් ය පාතාලය වගේ පිළිල ඔඩු දුවල ඉවරයි බුදුන් ප් රමුක මහා සංඝ රත්නයට පිදු මේ පින් බිමේ පංච දුශ්චරිතයට ලයිසන් දීල ඉවරයි ඒ සඳහා ඔවුන් ඔවුන්ට ගැති ධනයට හා බලයට කෑදර පාලකයන් රාජ් ය හා පෞද්ගලික නිලදාරීන් හාමුදුරුවරු එන් ජී ඕ කාරයන් පිරිසක් ඇතිකොට රටවල් වල සම්පත් සූරා කමින් ජනතාව වස විෂ සහිත ජලය අහාර හා වාතය බෙහෙත් හරහා සදාකාලික රෝගීන් පිරිසක් බවට පත්කරමින් වන විට ලෝකයේ ජනගහනය කින් අඩු කිරීමේ ඉලක්කයට යමින් සිටියි මේ සියල්ල ගමන් කිරීම තුළ සිදුවෙන්නේ යුද්ධයක් විතරයි ඒ යටතේ තමා අපේ රත්තරන් සංචිත නැති කරේ බුද්ධි අංශ දුර්වල කලේ ඩොලර් සංචිත නැති කරේ සාලාව අවි ගබඩා විනාශ කලේ පුරා විද් යා සාක්ෂි හා පුරා විද් යා ස්ථාන විනාශ කරන්නේ හමුදාවේ පිරිස් අඩු කරන්න යන්නේ මර්ධනය සඳහා පොලීසියේ පිරිස් වැඩි කරන්නේ දි කොහොමත් යුද්ධය ආරම්භ වෙනවා හැබැයි වෙද්දි යුද්ධය තීවුර වෙනවා මේ වෙද්දී සිංහලයට විරුද්ධව සටන් කරන්න පුළුවන් ව්ශේෂ හමුදාවක් හදනවා අසල්වැසි බලවත් රජයකින් ඒ රට තුල ඔවුන්ට මේ රටට ඒමට අවශ් ය නීතිමය වපසරිය හා නිවාස පවා සැදීමට ප් රතිපාදන වෙන් කරලා ඉවරයි ත් රස්ත වාදය පෝෂණය කිරීමට අවශ් ය අවි ආයුධ ගෙන්නලා ඉවරයි ඒවෙනකොට මේකට මුහුණ දෙන්න සිංහලයට ඩොලර්ස් නෑ රුපියල් නෑ තෙල්නෑ කන්න ආහාර නෑ බොන්න බෙහෙත් නෑ යන්න එන්න විදිහක් නෑ ආයුධ බුලට්ස් මොනවත් නෑ මේ වෙලාවේදී අර කලින් කියපු ක විශේෂ බලඝනය ලංකාවට පැමිණෙනවා සිංහලයට සිදු වන්නේ හිත හදාගෙන තැන් තැන් වල මැරී වැටෙන්න මේ ලෝකයම රැකගෙන සිටින්නේ ධාතුන් වහන්සේලා විසිනි ඒ ධාතූන් වහන්සේලා නිසා දෙවිවරු මේ ලෝකය ආරක්ෂාකරයි ඒ ධාතූන් වහන්සේලාගේ නායකත්වය දරන්නේ දළදා වහන්සේයි එනම් මුලුලෝකයටම එනම් දේවතල භ් රහ්ම තල ඇතුලත්ව නායකත්වය දාරා සිටින්නේ දළදා වහන්සේයි මේ ධාතුන් වහන්සේලාගේ ශක්ති කයට ඕනැම මොහොතක ඉතා වේගයෙන් මුලුලෝකයේ ඕනැම තැනකට ලඟා වීමටත් අවශ් ය තාවය අනුව ධාතූන් වහන්සේලා අතර ශක්ති සම්ප් රේෂනයත් සිදුකරනු ලබයි දරුණු අසුර ආක් රමනයන් පාලනය කර ලෝකය ආරක්ෂා කරන එනම් මුලු ලෝකයේම යහ පැවැත්ම බුදුකෙනෙක් මහා රාවන කෙනෙක් පහල වනතුරු සිදුකරනුයේ ධාතූන් වහන්සේලා විසිනි නමුත් යම් අවස්ථාවක මේ ධාතූන් වහන්සේලාට පාලනය කල නොහැකි මට්ටම අසුර ප් රස්නය පැමිනෙන අවස්ථාවක් පවතී ඒ අවස්ථාවේදී මුලු ස්වභාදහමම එකතු වී මහා රාවන කෙනෙක් මුලු සක්වල ලක්ෂයටම අදාලව පහල කරනු ලබයි,Normal
4,UgwjSL5vuILMgA3c-Kl4AaABAg,@panchayt8606,Sangeeth music vitharai newi great job ekak kadala thiyenne❤️👍👍,0,1764288000,sangeeth music vitharai newi great job ekak kadala thiyenne,Normal
4,UgwHuFeyOQrCQ6iMwbh4AaABAg,@MaheshShirantha,Sangeeth super.wenna ona de ekai ❤❤,0,1764288000,sangeeth super wenna ona de ekai,Normal
4,UgwONlO_YA9OFzVt8aR4AaABAg,@skg9581,AKD ge ANDUWE KUDU GAHANA VIKUNANA EUN NE.. VELAWATA EWA DISTROI KARAI..76 TISSE Hitapu KALAKANNI WAGE NEWEI.❤❤❤,0,1764288000,akd ge anduwe kudu gahana vikunana eun ne velawata ewa distroi karai tisse hitapu kalakanni wage newei,Normal
4,Ugxk0jf64pBvge_E7414AaABAg,@thusharihemanthika3959,Niyamai hadawathinma api udawu karanawa❤❤❤❤,0,1764288000,niyamai hadawathinma api udawu karanawa,Normal
4,UgwPXCNwO8Qyu8MU12F4AaABAg,@DKIBM,ගොඩක් ආඩම්බරයි ජනපතිතුමා ගැන❤,0,1764288000,ගොඩක් ආඩම්බරයි ජනපතිතුමා ගැන,Normal
4,UgxSbt5e5WaWoFjE_Wh4AaABAg.APxZwp9vyq-AQ0gkbqFlCe,@panchayt8606,🙏🙏🙏🙏🙏🙏🙏🙏🙏😍❤️Deergayu labewa janapathi thumqni,1,1764288000,deergayu labewa janapathi thumqni,Normal
4,Ugyx8gYk061O8CsPu6B4AaABAg,@nuwanweerasinghe9121,Menna janadipatiwaru....sangith kiyapudeth ahuwa....hoda wadak......,0,1764288000,menna janadipatiwaru sangith kiyapudeth ahuwa hoda wadak,Normal
4,Ugw8Y5XwrDeY1q19ECZ4AaABAg,@NishanthaWarnasiri,විශ මත් ද්‍රව්‍ය රටින් තුරන් කිරීමට මහත් වෙහෙසක් දරන ගරු ජනාධිපතිතුමන් ඇතුළු පොලිස් නිලධාරීන් සහ ත්‍රිවිධ හමුදාවේ අවංක නිලධාරින් සියළු දෙනාටම ජාතියේ ගෞරව ප්‍රනාමය.. ❤❤ මාතෘ භූමියට ජයවේවා.!!!,0,1764288000,විශ මත් ද් රව් ය රටින් තුරන් කිරීමට මහත් වෙහෙසක් දරන ගරු ජනාධිපතිතුමන් ඇතුළු පොලිස් නිලධාරීන් සහ ත් රිවිධ හමුදාවේ අවංක නිලධාරින් සියළු දෙනාටම ජාතියේ ගෞරව ප් රනාමය මාතෘ භූමියට ජයවේවා,Normal
4,UgzozTVCdZnABOkU9yJ4AaABAg,@oppo2025-d8g,මෙ විඩියො එක බලන්නෙත් සිකරැට් එකක් බොනගමන්,0,1764288000,මෙ විඩියො එක බලන්නෙත් සිකරැට් එකක් බොනගමන්,Normal
4,UgwFoY2YeFknTLqg7IF4AaABAg,@nilanthifernando2168,මාලිමා රජයට ජය වේවා.❤❤❤🎉🎉🎉,0,1764288000,මාලිමා රජයට ජය වේවා,Normal
4,Ugwi_Ncio6M-mxPDhOt4AaABAg,@raveesera8663,Sangithla Wage Aya Thamai Palana Thranthraye Inna Ona. Mokada Athdakim Bahula Minissu Ohun.,2,1764288000,sangithla wage aya thamai palana thranthraye inna ona mokada athdakim bahula minissu ohun,Normal
4,UgxXO5mVYjF1YX4psZJ4AaABAg,@kaushalyaliyanarachchi6079,"මාරම සතුටුයි අපි ඔබ සමගයි
සංගීත් අයියා එකෙන්ම Respect ❤තමන්ගේ වාසියට දේශපාලුවන්ගේ පුකේ එල්ලිලා වැද වැද දෙයියෝ බුදුන්ට සමාන කර කර ඉන්න පාදඩ කලාකරුවෝ දැක්කම ඔබ ගැන හැගෙන දේ කියා නිම කරන්න බෑ.ඔබලට පිං❤",0,1764288000,මාරම සතුටුයි අපි ඔබ සමගයි සංගීත් අයියා එකෙන්ම respect තමන්ගේ වාසියට දේශපාලුවන්ගේ පුකේ එල්ලිලා වැද වැද දෙයියෝ බුදුන්ට සමාන කර කර ඉන්න පාදඩ කලාකරුවෝ දැක්කම ඔබ ගැන හැගෙන දේ කියා නිම කරන්න බෑ ඔබලට පිං,Normal
4,UgzfNeAzkpxnr8uvNf14AaABAg,@tissadealwis3037,Why we need 3 to 4 months to pass a bill?,0,1764288000,why we need to months to pass a bill,Normal
4,Ugz3SQbbtTmngOrGjMt4AaABAg,@RBY-d2v,"Fortunately,  AKD Won the President Election ❤❤❤",0,1764288000,fortunately akd won the president election,Normal
4,UgzPHVV4tk6gUGzAjIN4AaABAg,@prabathlokugamage6489,Werry happy,1,1764288000,werry happy,Normal
4,UgxqshyIc5dIGV_R9614AaABAg.APxhilRgJgMAQ-bs4taykJ,@josephpillai3034,"Like you, I have great confidence that our homeland will see good times in the future under President Anura .
I live in Europe,my country will be in a  good  place  in a very short time.",1,1764288000,like you i have great confidence that our homeland will see good times in the future under president anura i live in europe my country will be in a good place in a very short time,Normal
4,UgwO7VuEOUplsy7LSQl4AaABAg.APx_pWk6XJQAPxbMwL29Jv,@IndinilShan,ගවුමගෙන් ඉල්ල ගනින් මල් ගවුමා😂😂😂,1,1764288000,ගවුමගෙන් ඉල්ල ගනින් මල් ගවුමා,Hate
4,Ugxwbl16can9wgHw8ht4AaABAg,@tunesbro_official,Gotabaya hitiya nm:- mama ayyagen ahala kiyannm😂,2,1764288000,gotabaya hitiya nm mama ayyagen ahala kiyannm,Normal
4,UgzGICDxPTVSLBKM4qJ4AaABAg,@ChathuraUdayanga-cg7ec,ඩ්‍රමා,0,1764288000,ඩ් රමා,Normal
4,Ugx9Rg6x4lDehcU5kRd4AaABAg,@nimeshAttendance-kv1yp,Ekama sathuta kalakanni pahugiya Hora heththa methana nathi eka,0,1764288000,ekama sathuta kalakanni pahugiya hora heththa methana nathi eka,Normal
4,UgySQt60YCgiFsMPvpl4AaABAg,@susanthapriyalal7206,අදහස් වලට සවන් දී ඒකද ගන්න ඕන විසඳුමක් හරි හික්මීමෙන් ද කරන්න වෙර දරන නිහතමානි නායකයෙක්,0,1764288000,අදහස් වලට සවන් දී ඒකද ගන්න ඕන විසඳුමක් හරි හික්මීමෙන් ද කරන්න වෙර දරන නිහතමානි නායකයෙක්,Normal
4,Ugyur9Jw70Wmoj_KBcd4AaABAg,@thusithakahagalla548,"මේවා අනාගතය බබලවන තීරණ, සංගීත් සහෝදරයා ඔයා නිර්මාණය කලේ පට්ට තනුවක්... 
වැයේවී දවසක අපේ උන් නැටවෙන්නම ❤😊",0,1764288000,මේවා අනාගතය බබලවන තීරණ සංගීත් සහෝදරයා ඔයා නිර්මාණය කලේ පට්ට තනුවක් වැයේවී දවසක අපේ උන් නැටවෙන්නම,Normal
4,UgzuZL5D9WJt9f4Pp9h4AaABAg,@oppo2025-d8g,අරක්කුත් තහනම් කරන්න,0,1764288000,අරක්කුත් තහනම් කරන්න,Normal
4,UgwQ_h_N5FSrKecLXWp4AaABAg,@rizwiyar4792,Dangeeth malli supiri❤❤❤❤❤❤❤,0,1764288000,dangeeth malli supiri,Normal
4,Ugy1-vs2Kmmb9jh51Nd4AaABAg,@upulchandanagoonetilleke7617,පස්සට අදින අයත් ඉන්නවා වගේ පේනවා,0,1764288000,පස්සට අදින අයත් ඉන්නවා වගේ පේනවා,Normal
4,UgyiVrRdnYWJ4epsp614AaABAg,@EvolutionaryData1994,anivaryen karanna one,0,1764288000,anivaryen karanna one,Normal
4,UgyD20DeDyez878GED54AaABAg,@neelsiriwardhana2999,Hats Off To SANGEETH and Others.  ❤❤🎉🎉.,0,1764288000,hats off to sangeeth and others,Normal
4,Ugzpj9Ra9-gLWqQE57F4AaABAg,@thakshilasena6606,Sangeeth  sahodaraya ge  ..yojanawa..hariyatama hari ❤❤❤❤❤janathawata  ahun kan  dena  janadipathi kenek  apita  enne❤❤❤👍👍👍👍,0,1764288000,sangeeth sahodaraya ge yojanawa hariyatama hari janathawata ahun kan dena janadipathi kenek apita enne,Normal
4,UgzNuYxjnpuil6skd1p4AaABAg,@thusithakumara4782,මෙහෙම ජනාධිපති කෙනෙක් එපා කියලා පාරට එන්නේ මොන අවශ්‍යතාවය මතද කියලා බුද්දිමත් මිනිස්සු හිතන්න ඒ ජාල වල ඉන්න උන්ට රිදෙනවා අපේ ජනාධිපති අපි රැක ගමු,1,1764288000,මෙහෙම ජනාධිපති කෙනෙක් එපා කියලා පාරට එන්නේ මොන අවශ් යතාවය මතද කියලා බුද්දිමත් මිනිස්සු හිතන්න ඒ ජාල වල ඉන්න උන්ට රිදෙනවා අපේ ජනාධිපති අපි රැක ගමු,Normal
4,UgxnV8Cnl_vSFmIVfMV4AaABAg,@nimeshAttendance-kv1yp,Ape sangeeth aiya jesu pihitai oyatath ape janapathi thumantath🙏🇱🇰,0,1764288000,ape sangeeth aiya jesu pihitai oyatath ape janapathi thumantath,Normal
4,UgyV3dNy-q-_2uPQtwN4AaABAg,@thilina5979,Anura meka goda danawa danawamai,0,1764288000,anura meka goda danawa danawamai,Normal
4,Ugw1dwdb1x-__1dIqTd4AaABAg,@dineshmaduranga6608,උවමනවක් තියෙනවනම් ඇයි බැරි,9,1764288000,උවමනවක් තියෙනවනම් ඇයි බැරි,Normal
4,UgxQNmDFLyL_d8YchSJ4AaABAg,@asokapremalal,දුන්න චන්දය ගැන ගොඩාක් ආඩම්බරයි ❤❤❤,114,1764288000,දුන්න චන්දය ගැන ගොඩාක් ආඩම්බරයි,Normal
4,Ugw8rIc4asZ3I6UJbSR4AaABAg,@3stedi4blo16,University 7i 😂,1,1764288000,university i,Normal
4,Ugws-tMd_VUor2pzo0l4AaABAg.APxeN497CiPAPxfvV4Wr_W,@anammanambukiyerasakatha6165,සර් සර් වැඩි තමයි,0,1764288000,සර් සර් වැඩි තමයි,Normal
4,UgyLxqClDFKuRtystZl4AaABAg,@chand-o3b,"පෙර රජය තවත් වසර පහක් බලයේ සිටියා නම්, ශ්‍රී ලංකාවේ තිරිඟු පිටිවලට වඩා කුඩු තිබෙන්නට ඉඩ තිබුණි.",92,1764288000,පෙර රජය තවත් වසර පහක් බලයේ සිටියා නම් ශ් රී ලංකාවේ තිරිඟු පිටිවලට වඩා කුඩු තිබෙන්නට ඉඩ තිබුණි,Hate
4,UgykyIouPujbcxtY5Nt4AaABAg,@anusuros,"අපි සංගිත්ගෙ පැත්තෙ .
මෙ ගැනු කෙනා බැරි බවමයි කියන්නෙ .ඇයගෙ වත්කමි බැරකම් හොයන්න😂😂😂",0,1764288000,අපි සංගිත්ගෙ පැත්තෙ මෙ ගැනු කෙනා බැරි බවමයි කියන්නෙ ඇයගෙ වත්කමි බැරකම් හොයන්න,Normal
4,UgwZOXA6zl9Q4dRKbNl4AaABAg,@thrishalmadushan8007,AKD ❤❤ Npp ❤❤,0,1764288000,akd npp,Normal
4,UgzGRPtsdhXrzGUgmE14AaABAg,@TutuCraft-hk9cv,සංගීත්  පූළුවනම් ජනවාරි එලියට ආපු  container  323 අයිති කාරය ගැනත් ජනාධිපති තුමා ගෙන් අහන්නකො පුලුවනම්.. ඒවත් වටිනවා දැනගන්න. තාම ඒක ගැන කවුර්ත් සද්දයක් නෑ ඒකයි..😢,0,1764288000,සංගීත් පූළුවනම් ජනවාරි එලියට ආපු container අයිති කාරය ගැනත් ජනාධිපති තුමා ගෙන් අහන්නකො පුලුවනම් ඒවත් වටිනවා දැනගන්න තාම ඒක ගැන කවුර්ත් සද්දයක් නෑ ඒකයි,Normal
4,Ugz8raLxMG-x2E17HlF4AaABAg,@AmmarAmmar-g2v,Nithi wirodhi lesa harak jawaram horun ta monawadha karanna puluwan mokadha noyekuth mathdhwaya abbehi karawala minissu yodhawagena karana networks jayatama wenawa un allanna one mokadha mathdhwaya pawitcheye start ekama ethana 👍,0,1764288000,nithi wirodhi lesa harak jawaram horun ta monawadha karanna puluwan mokadha noyekuth mathdhwaya abbehi karawala minissu yodhawagena karana networks jayatama wenawa un allanna one mokadha mathdhwaya pawitcheye start ekama ethana,Normal
4,UgzNJ2SC01y2_U-ED-d4AaABAg,@saveLanka,why don't you create a map showing areas of drug dealers were arrest?,0,1764288000,why don t you create a map showing areas of drug dealers were arrest,Normal
4,Ugy8RX7xn-tcNS-763B4AaABAg,@Nadiyh-e4u,Wow wow wow සංගිත් ජය වේවා,9,1764288000,wow wow wow සංගිත් ජය වේවා,Normal
4,UgzLtCgKvEZFziq_cAF4AaABAg.APxfMoxVF-cAPxhhbUuSc5,@ipathirana801,"මැඩම් ,,රාජ්පක්ෂල ගෙ  ,,නෑයෙක් ,,,ඒකයි එයා ,,ඕවට අකමැති",0,1764288000,මැඩම් රාජ්පක්ෂල ගෙ නෑයෙක් ඒකයි එයා ඕවට අකමැති,Disinfo
4,UgxY5hFFVMYztnL-glB4AaABAg,@W.M.S.WeerasooriyaW.M.S.W,Sangeet sirge kathawa rexpat ❤❤❤❤,0,1764288000,sangeet sirge kathawa rexpat,Normal
4,UgyHRvWSQthYNHZsC5p4AaABAg,@Krishna-kd3ns,"EXCELLENT.   JOP. 
N P P.  KEEP.   IT.   UP.  VEREY.  STRONGLY ❤❤❤❤❤❤❤❤❤❤❤",1,1764288000,excellent jop n p p keep it up verey strongly,Normal
4,UgzpVYuSy_6_fSUZ7ut4AaABAg,@nilminipriyanka1502,නියමයි,3,1764288000,නියමයි,Normal
4,UgzK1xMIx3vpDZf57LJ4AaABAg,@chathurasampath,AKD respect for you.❤. I love sri lanka❤,2,1764288000,akd respect for you i love sri lanka,Normal
4,UgxSbt5e5WaWoFjE_Wh4AaABAg.APxZwp9vyq-AQ85jBgItZd,@dhananjamotors, @chinthanachinthana9950   මේක බොරුවක් බලාගෙන ඉන්ඩ  කෑගහන්න එපා පස්සෙ,0,1764547200,chinthanachinthana මේක බොරුවක් බලාගෙන ඉන්ඩ කෑගහන්න එපා පස්සෙ,Hate
4,UgwMjZw_KvSYJjOef0p4AaABAg,@PiyalDissanayake-xm7qv,පාර්ලිමේන්තුවේ නීතියක් සම්නත කරන්න මාර්තු වෙනකල් කල් ගන්න එක විහිලුවක් ඕක සතියකින් සම්මත කරපල්ලා,0,1764288000,පාර්ලිමේන්තුවේ නීතියක් සම්නත කරන්න මාර්තු වෙනකල් කල් ගන්න එක විහිලුවක් ඕක සතියකින් සම්මත කරපල්ලා,Hate
4,Ugyz7CXVZl8fLgwCU1d4AaABAg,@oppo2025-d8g,බිඩිත් තහනම් කරන්න,0,1764288000,බිඩිත් තහනම් කරන්න,Normal
4,Ugz2B9VBu4IE7BLHEoJ4AaABAg,@rajithavroon9938,ජනාධිපති තුමනි ඔබ ඉන්න තැන නියමයි නමුත් ඔබේ යටතේ ඉන්න ඇමතිල තාම ගේමට බැහැල නෑ,0,1764288000,ජනාධිපති තුමනි ඔබ ඉන්න තැන නියමයි නමුත් ඔබේ යටතේ ඉන්න ඇමතිල තාම ගේමට බැහැල නෑ,Normal
4,Ugyy6odUpwJ64DE_SEJ4AaABAg,@ajithweeratunga2566,රටට ආදරය කරන මිනිස්සු.බුදු සරණයි.,0,1764288000,රටට ආදරය කරන මිනිස්සු බුදු සරණයි,Normal
4,UgzM2hywin8NMS2Rfi94AaABAg,@RanjithPriyantha-ww3bn,මෙන්න නියම ජනාධිපති,6,1764288000,මෙන්න නියම ජනාධිපති,Normal
4,Ugy-ZdGQuYeD4_RVh-V4AaABAg,@Anuradhadilrukshi1993-c8h,සන්ගිත් අයියා කියන්නනෙ සුපිරිම  චරිතයක් ❤❤,0,1764288000,සන්ගිත් අයියා කියන්නනෙ සුපිරිම චරිතයක්,Normal
4,UgwPthth4RifUgAvu9h4AaABAg,@upulmarasinghe5057,Respect  sangeeth..,1,1764288000,respect sangeeth,Normal
4,UgxUNbMGS8L-IAU_WUF4AaABAg,@Vijayasingha-b6q6n,පොලිසිය දෙවියො රකිත්ව  ප්නාධිපති  නෙමෙ රටෙ අනාගත පරපූරෙම තාත්ත  2:10 ❤❤❤❤❤,0,1764288000,පොලිසිය දෙවියො රකිත්ව ප්නාධිපති නෙමෙ රටෙ අනාගත පරපූරෙම තාත්ත,Normal
4,UgzoN87-olYqRO4brDp4AaABAg,@jagathprasanna-bf2wz,Respect sangeeth,0,1764288000,respect sangeeth,Normal
4,UgwmbGpPwMBL4dLPjcR4AaABAg,@ChanakaVimukthi-t4l,අම්මපා කතිරේ වටිනවානේ හත්තිළව්වේ ❤,2,1764288000,අම්මපා කතිරේ වටිනවානේ හත්තිළව්වේ,Normal
4,UgxTMXUp2p69JT17iYR4AaABAg,@manjulamanjula9267,නාමල්ගෙ රැලියෙ කතාකල ගොන් ගෑනි බලපිය තබුත්තෙගම රන් බන්ඩගෙ කොල්ල අපෙ පන්තියෙ එකා ගෙ අවදානය ❤❤❤,0,1764288000,නාමල්ගෙ රැලියෙ කතාකල ගොන් ගෑනි බලපිය තබුත්තෙගම රන් බන්ඩගෙ කොල්ල අපෙ පන්තියෙ එකා ගෙ අවදානය,Hate
4,Ugws-tMd_VUor2pzo0l4AaABAg,@janithc,අපි සර් ගංජා සර් අත්අඩංගුවට ගත්ත සර් හෙරොයින් සර් කිලෝ 927 සර්  පාසල් ළමුන් සර් අත්අඩංගුවට අරන් තියෙනවා සර්... අනේ සර්...,1,1764288000,අපි සර් ගංජා සර් අත්අඩංගුවට ගත්ත සර් හෙරොයින් සර් කිලෝ සර් පාසල් ළමුන් සර් අත්අඩංගුවට අරන් තියෙනවා සර් අනේ සර්,Normal
4,Ugy4LiO-1E-52QyANbF4AaABAg,@shitan2008,Umbala nadu ahanakota okkoma marila😂😂😂😂😂,0,1764288000,umbala nadu ahanakota okkoma marila,Normal
4,UgxSbt5e5WaWoFjE_Wh4AaABAg.APxZwp9vyq-APxhjuyMldu,@gsnj5249,​ @amilaabeysundara4631 නාමල් මහත්තයා එනකන් බලන් හිටපන් මේ රට ඇමරිකාවක් කරන්න,0,1764288000,amilaabeysundara නාමල් මහත්තයා එනකන් බලන් හිටපන් මේ රට ඇමරිකාවක් කරන්න,Normal
4,UgwP9MXPn5JsNsco6kR4AaABAg,@sadunimunasinghe6724,නියමයි,0,1764288000,නියමයි,Normal
4,UgyQ8orPTFgQ6EzhEDV4AaABAg,@sajith43-r9q,Sangeeth kiyana De karoth ellum gaha genna deyak na Unma marenawa,10,1764288000,sangeeth kiyana de karoth ellum gaha genna deyak na unma marenawa,Normal
4,UgxOQFr01ni5eTv0r814AaABAg,@LalDissanayake-h9g,"ජනාධිපතිතුමනි,21 නුගේගොඩ ආපු මිනිස්සු අයිස් ගහල  හිටියද කියල බලන්න බුද්ධි වාර්තාවක් කැදවන්න.",7,1764288000,ජනාධිපතිතුමනි නුගේගොඩ ආපු මිනිස්සු අයිස් ගහල හිටියද කියල බලන්න බුද්ධි වාර්තාවක් කැදවන්න,Normal
4,UgwL4JC5tLvCSnwQ3qF4AaABAg,@JayarathnaVithanage,සුපිරි වඩක් ජයවේවා... සංගීත් සහෝදරයා රෙස්පෙක්ට්.. ජයවේවා npp👍👍❤❤,77,1764288000,සුපිරි වඩක් ජයවේවා සංගීත් සහෝදරයා රෙස්පෙක්ට් ජයවේවා npp,Normal
4,UgxSbt5e5WaWoFjE_Wh4AaABAg,@Chefbatta-චෙෆ්බට්ට,කවද දැකපු දෙවල්ද මේ 😮 අපි පිං කරා බන් මෙහෙම ජනාධිපති කෙනෙක් ලබන්න ❤,976,1764288000,කවද දැකපු දෙවල්ද මේ අපි පිං කරා බන් මෙහෙම ජනාධිපති කෙනෙක් ලබන්න,Normal
4,UgwdedVCqCawvabQ1IB4AaABAg,@RoshanPerera-q6o,Mr.sangeth❤❤❤❤❤❤❤❤❤❤❤❤❤❤❤❤❤❤❤❤❤❤❤❤❤❤,0,1764288000,mr sangeth,Normal
4,Ugy4DYEecMwqWmJBhJR4AaABAg,@anammanambukiyerasakatha6165,බංකොලොත් විපක්ෂයේ රනිලාප්පච්චිගෙ දරුවෝ දැන් මොකද කියන්නේ අයිස් නෑ කසිප්පු ටිකක්වත් ඉල්ලගෙන බීපන් නෑමොලයගෙන් 🙄😏,2,1764288000,බංකොලොත් විපක්ෂයේ රනිලාප්පච්චිගෙ දරුවෝ දැන් මොකද කියන්නේ අයිස් නෑ කසිප්පු ටිකක්වත් ඉල්ලගෙන බීපන් නෑමොලයගෙන්,Normal
4,UgykKZ2AMLXDm8_b44x4AaABAg,@akosaeyw,පුණරුත්තාපන කෙරෙන්නත් ඕනේ... නමුත් සේරටම කලින් සංගීත්ගේ යෝජනාව ක්‍රියාත්මක විය යුතුයි. ඒක සිද්ද වෙනගමං අනික් රෝද ටිකත් ලස්සනට කැරකෙයි. එතන තමයි මෝටරය තියෙන්නේ...,0,1764288000,පුණරුත්තාපන කෙරෙන්නත් ඕනේ නමුත් සේරටම කලින් සංගීත්ගේ යෝජනාව ක් රියාත්මක විය යුතුයි ඒක සිද්ද වෙනගමං අනික් රෝද ටිකත් ලස්සනට කැරකෙයි එතන තමයි මෝටරය තියෙන්නේ,Normal
4,UgwQOSIr0CRPtYJdmEN4AaABAg,@imeshawijayawardhana,Supiri :face-red-heart-shape::face-red-heart-shape:,0,1764288000,supiri face red heart shape face red heart shape,Normal
4,UgzAF3gS5g-Rbr8UKCN4AaABAg,@Perera-k2x,Owwata policiyen. Badu. DA ala.  Boru. Nadu  daapuwath,0,1764288000,owwata policiyen badu da ala boru nadu daapuwath,Normal
4,Ugz7M0i3A3IzxogLOtV4AaABAg,@kingav-ch8cu,ඔක්කොමලා කතා කරන්නේ  ඒ විදිය දැක්කම අවංකවම මාරම සතුටුයි ඒ ප්‍රශ්නෙ  ඒ අය වැදගත්කමට කතා කරන එක මාර විදියට අගය කරන්න ඕනේ මොකද ගිය  ආණ්ඩු වල කොයි වෙලා අවශ්‍ය දේ නෙවේ කතාතා කරන්නේ ලෝකෙ නැති දේවල් කියල ඉවර කරලා යනවා උනාට මෙතන තියෙන වැදගත්කම කියන්නේ මාර සන්සුන්ව කතා කරමු ඇත්තටම ඒක අගය කරන්න ඕනි,9,1764288000,ඔක්කොමලා කතා කරන්නේ ඒ විදිය දැක්කම අවංකවම මාරම සතුටුයි ඒ ප් රශ්නෙ ඒ අය වැදගත්කමට කතා කරන එක මාර විදියට අගය කරන්න ඕනේ මොකද ගිය ආණ්ඩු වල කොයි වෙලා අවශ් ය දේ නෙවේ කතාතා කරන්නේ ලෝකෙ නැති දේවල් කියල ඉවර කරලා යනවා උනාට මෙතන තියෙන වැදගත්කම කියන්නේ මාර සන්සුන්ව කතා කරමු ඇත්තටම ඒක අගය කරන්න ඕනි,Normal
4,UgwxTTEyXeAPd178MLV4AaABAg,@KasunLakshan-x3t,නිහතමානී ජනාධිපති 🙏🙏🙏🙏🙏,0,1764288000,නිහතමානී ජනාධිපති,Normal
4,Ugzkfi7C-gSvS4asOpx4AaABAg,@DharshaniMunasingha-q2b,Sangeeth ube hama anduwatama set wela ube wade karagannawa. Boru media campaign karala. Gallery eka chuun karanawa. Palayan bn yanna 😂,0,1764288000,sangeeth ube hama anduwatama set wela ube wade karagannawa boru media campaign karala gallery eka chuun karanawa palayan bn yanna,Normal
4,UgwTpRgHP_uP6wmjX6x4AaABAg.APxZU9YMCo_APzBaE8QifW,@RoshanManjula-rw6ub,Meka hari,1,1764288000,meka hari,Normal
4,Ugzt04o4M825hBAmJ054AaABAg,@HaroldAntonKeel,The Police in safe hands.❤,0,1764288000,the police in safe hands,Normal
4,Ugy_jSnTLb_sFpM0oMJ4AaABAg,@rpbass02,මේ නීතිය මෙහෙමම නීතිගත කරානම් වටිනවා ගොඩක් ❤🎉,1,1764288000,මේ නීතිය මෙහෙමම නීතිගත කරානම් වටිනවා ගොඩක්,Normal
4,UgxDHjX6hDY5VyCHrkl4AaABAg.APxe4ONOEzyAPxfjaPFDw0,@anammanambukiyerasakatha6165,හ්ම් හ්ම් ගොට්ටෝ තමයි ඉතිං අද ඊයේ පත් උන අය නෙමෙයිනේ නේද,0,1764288000,හ්ම් හ්ම් ගොට්ටෝ තමයි ඉතිං අද ඊයේ පත් උන අය නෙමෙයිනේ නේද,Normal
4,Ugwry7ksbAbRhqxeXWV4AaABAg,@shitan2008,"Janathawage sakayak naha, JANATHAWA DANNAWA MOKADA WENNE KIYALA,",0,1764288000,janathawage sakayak naha janathawa dannawa mokada wenne kiyala,Normal
4,Ugy_5lb58aBLDnZ1uLx4AaABAg,@NILU-PERERA,මේ කුඩු වලට බියගම පොලිසියෙ ස්තානාදිපති බොරැවට කොල්ලන්ට 54 ගහනවා සහගහන අපරාද ඕවා,0,1764288000,මේ කුඩු වලට බියගම පොලිසියෙ ස්තානාදිපති බොරැවට කොල්ලන්ට ගහනවා සහගහන අපරාද ඕවා,Normal
4,UgxS4fB7MW-D1lfiaAB4AaABAg,@wapasela,"මාලිමාව නැත්නම් අල්ලයි, ස්කුල් ලමයින්ගෙ ඹෑග්",0,1764288000,මාලිමාව නැත්නම් අල්ලයි ස්කුල් ලමයින්ගෙ ඹෑග්,Normal
4,Ugw7MS57HnbTtzt1eod4AaABAg,@NalakaKumararathnayaka,නඩුවට ෂාක්ශී ඕනෙනම්  සියළුම මාධ්‍ය කැදවලා එයාලගෙනුත් විඩිඕ කරලා ඒවත් අරන් මාධ්‍ය ඉදිරි පිටම විනාශ කරන්න පුලුවන්,3,1764288000,නඩුවට ෂාක්ශී ඕනෙනම් සියළුම මාධ් ය කැදවලා එයාලගෙනුත් විඩිඕ කරලා ඒවත් අරන් මාධ් ය ඉදිරි පිටම විනාශ කරන්න පුලුවන්,Normal
4,UgwLEOD03hLRh1CNiyt4AaABAg,@tikka1967,නීති හදන්න  කල් යනවනම් ...අල්ලන උන්ට නඩු නැත්තත් ...අල්ලන කුඩු වලට ගිනිතියන්න අපෙ ඉල්ලිම ඒක,1,1764288000,නීති හදන්න කල් යනවනම් අල්ලන උන්ට නඩු නැත්තත් අල්ලන කුඩු වලට ගිනිතියන්න අපෙ ඉල්ලිම ඒක,Normal
4,UgxMuDBbJ46T7fAgHo94AaABAg,@SujithNamal-zt6fn,Niyamay.supirie.janadipati.tu.ani,1,1764288000,niyamay supirie janadipati tu ani,Normal
5,UgxHecd7yP8bFzMwxOF4AaABAg,@Krishna-kd3ns,"U N P.   S.L.P.P. S J B
S L N P.  HORU. GANDA. APA.  N P P
😂😂😂😂😂😂😂",0,1765411200,u n p s l p p s j b s l n p horu ganda apa n p p,Hate
5,UgyJ6eOctfjPjZPgoFJ4AaABAg,@dreamhub2532,මේ රාජ්‍ය සේවකයො ජානාධිපතිට හරි උපදෙසක් දෙන්නෙ නෑ.අපෙ ආර්ථිකයක් තිබිලත් උඩරට එලවලු හොයගන්නට් නෑ තියෙන ඒවත් ගිනි ගනන් එ වුනට මුන් කියනව කිසි අවුලක් නෑලු.යකො එලවලු තිබ්බට මෙහෙට ඇවිල්ල නෑ තව ඉල්ලුම ඕනෙ තරම් තියෙනවා මෙහෙ එලවලු නැතුව පරිප්පු සෝය කන්නෙ.ඇත්ත කියාපිය බෙදාහැරීමේ ප්‍රශ්නයක් තියෙනව,0,1765324800,මේ රාජ් ය සේවකයො ජානාධිපතිට හරි උපදෙසක් දෙන්නෙ නෑ අපෙ ආර්ථිකයක් තිබිලත් උඩරට එලවලු හොයගන්නට් නෑ තියෙන ඒවත් ගිනි ගනන් එ වුනට මුන් කියනව කිසි අවුලක් නෑලු යකො එලවලු තිබ්බට මෙහෙට ඇවිල්ල නෑ තව ඉල්ලුම ඕනෙ තරම් තියෙනවා මෙහෙ එලවලු නැතුව පරිප්පු සෝය කන්නෙ ඇත්ත කියාපිය බෙදාහැරීමේ ප් රශ්නයක් තියෙනව,Normal
5,UgyQ1jaVDTtUZzfV79N4AaABAg,@MyCivicDuty,"කෝබං අරය විපක්ෂය කිව්ව නේද එළවළු වගාව කෙළවෙලා සාගින්නක් එනවා කියලා😂😂 නිලධාරියා කියනවා ඕන්නම් 1
150,000යි කියන්නේ සම්පූර්ණම දේ දෙන්න පුළුවන්ලු",1,1765324800,කෝබං අරය විපක්ෂය කිව්ව නේද එළවළු වගාව කෙළවෙලා සාගින්නක් එනවා කියලා නිලධාරියා කියනවා ඕන්නම් යි කියන්නේ සම්පූර්ණම දේ දෙන්න පුළුවන්ලු,Normal
5,UgziqU9Ch7sPh3f1w8N4AaABAg,@MyCivicDuty,සම්පූර්ණයෙන්ම විකෘති කරලා දාන්නේ. පෞද්ගලික හෝටල් වලින් කියල තියෙන්නේ එහෙම. ගෝ හිරු එකට රෙද්දරේවිලා ඉන්නේ😂😂😂😂,2,1765324800,සම්පූර්ණයෙන්ම විකෘති කරලා දාන්නේ පෞද්ගලික හෝටල් වලින් කියල තියෙන්නේ එහෙම ගෝ හිරු එකට රෙද්දරේවිලා ඉන්නේ,Hate
